decision_date,n_pos,ret_excess,ret_excess_net,turnover,hits,equity
2015-10-09,8,0.011603960596305349,0.011103960596305348,,7,1.0111039605963053
2015-10-16,8,0.002335340878458006,0.0018353408784580055,0.75,4,1.0129596810275583
2015-10-23,8,0.007394954254542396,0.006894954254542396,1.0,7,1.0199439916899393
2015-10-30,5,-0.01138266051743222,-0.012182660517432218,0.7692307692307693,1,1.007518360292386
2015-11-06,8,-0.009523513582680804,-0.010023513582680804,1.0769230769230769,1,0.997419486323195
2015-11-13,8,0.020947885003157724,0.020447885003157723,0.5,7,1.0178146052794403
2015-11-20,8,0.0035449853654074687,0.0030449853654074682,0.25,6,1.0209138358572143
2015-11-27,8,0.00924942128221623,0.00874942128221623,0.5,6,1.0298462410999722
2015-12-04,8,0.002450750451121156,0.0019507504511211554,0.5,4,1.0318552141193835
2015-12-11,8,0.0020968003090995474,0.001596800309099547,0.5,5,1.0335028808442355
2015-12-18,8,0.015354499541355135,0.014854499541355135,0.75,7,1.0488550489137254
2016-01-01,8,-0.009802042042076131,-0.010302042042076132,0.25,1,1.0380497001037725
2016-01-08,8,0.012948981163621226,0.012448981163621226,0.25,8,1.050972361267267
2016-01-15,8,0.0077886584309311,0.0072886584309311,0.5,6,1.0586325398288932
2016-01-22,8,0.004705798048534965,0.004205798048534964,0.75,7,1.0630849344990212
2016-01-29,8,0.011957424550615547,0.011457424550615547,0.25,7,1.07526514992694
2016-02-05,8,0.010916083428256451,0.01041608342825645,0.25,6,1.0864652014360756
2016-02-12,8,0.01979919607361591,0.01929919607361591,0.5,7,1.1074331063857512
2016-02-19,8,0.005831074241610001,0.005331074241610001,0.5,4,1.1133369144935104
2016-02-26,8,0.011792632038385292,0.011292632038385292,0.25,5,1.1259094186036367
2016-03-04,8,0.01373704197611722,0.01323704197611722,0.75,7,1.1408131288389987
2016-03-11,8,0.011632216281951269,0.011132216281951268,0.5,7,1.153512907326524
2016-03-18,8,0.00771399945399126,0.00721399945399126,0.0,6,1.1618343488101495
2016-04-01,8,0.0030748048890529567,0.0025748048890529562,0.25,5,1.1648258455717355
2016-04-08,8,0.0038496623653646866,0.003349662365364686,0.25,4,1.1687276188688511
2016-04-22,8,0.0023803842363215866,0.0018803842363215861,0.25,4,1.1709252758599258
2016-04-29,8,0.0014435449071972528,0.0009435449071972524,0.5,4,1.172030096440672
2016-05-06,8,0.007563904441766078,0.007063904441766078,0.5,5,1.1803092050448027
2016-05-13,8,0.002171097700488317,0.0016710977004883165,0.25,5,1.1822816170432184
2016-05-20,8,0.005366892981514687,0.004866892981514687,0.25,4,1.18803565514738
2016-05-27,8,0.010365940622840047,0.009865940622840047,0.5,6,1.199756744378881
2016-06-03,8,0.009547111035852929,0.009047111035852928,0.25,6,1.2106110768612903
2016-06-10,8,0.00748005058981821,0.00698005058981821,0.25,6,1.2190612034223762
2016-06-17,8,0.004688003156258197,0.0041880031562581965,0.25,5,1.2241666355899812
2016-06-24,8,0.008722691096879093,0.008222691096879092,0.25,6,1.2342325796855433
2016-07-01,8,0.008917420599146159,0.008417420599146158,0.5,6,1.2446216344259255
2016-07-08,8,0.010585993421953571,0.01008599342195357,0.25,6,1.2571748800435665
2016-07-15,8,0.012968152960830398,0.012468152960830398,0.25,6,1.2728495287464632
2016-07-22,8,0.01254023416183167,0.01204023416183167,0.25,6,1.2881749351253478
2016-07-29,8,0.004316869203158102,0.003816869203158102,0.5,4,1.2930917303635079
2016-08-05,8,0.02874391980229364,0.02824391980229364,0.5,8,1.329613709492904
2016-08-12,8,0.01796341037823572,0.01746341037823572,0.5,6,1.3528332993463066
2016-08-19,8,0.0038054867487165717,0.0033054867487165712,0.25,6,1.3573050718905182
2016-08-26,8,0.005155122071326193,0.004655122071326193,0.5,5,1.3636234926881987
2016-09-02,8,0.015520982832173569,0.015020982832173568,0.75,6,1.3841064577614168
2016-09-09,8,-0.005122648011916614,-0.0056226480119166145,1.0,2,1.3763241143384037
2016-09-16,8,0.0013740390820192044,0.000874039082019204,0.75,5,1.3775270754038609
2016-09-23,8,0.015810251145991466,0.015310251145991466,0.25,6,1.3986173608886971
2016-09-30,8,0.001857958758163955,0.0013579587581639546,0.0,4,1.4005166255832362
2016-10-07,8,-0.00027555730412807955,-0.00077555730412808,0.5,3,1.3994304446847123
2016-10-14,8,-0.006437198090047544,-0.006937198090047544,0.25,2,1.3897223184766911
2016-10-21,8,-0.012141318816226904,-0.012641318816226904,0.5,1,1.3721543955828013
2016-10-28,8,-0.004098720728688401,-0.004598720728688402,0.25,1,1.3658442407208737
2016-11-04,8,-0.007350281062611902,-0.007850281062611902,0.75,2,1.3551219795434652
2016-11-11,4,-0.007366305244073723,-0.008366305244073724,1.0,1,1.3437846154196513
2016-11-18,8,-0.0003226546170108091,-0.0008226546170108096,0.6666666666666666,6,1.3426791448015083
2016-11-25,8,-0.005626896558453054,-0.006126896558453054,0.5,3,1.3344526885701171
2016-12-02,8,-0.008994463653842238,-0.009494463653842239,0.25,1,1.3217827760207161
2016-12-09,8,-0.006440239759172212,-0.006940239759172212,0.5,2,1.312609286645588
2016-12-16,6,-0.012375143325808174,-0.01304180999247484,0.5714285714285714,0,1.2954904857347984
2016-12-23,8,-0.014117823803654839,-0.014617823803654839,0.2857142857142857,0,1.2765532340750159
2016-12-30,8,0.0050706885737074325,0.004570688573707432,0.25,4,1.2823879613557316
2017-01-06,8,0.003753705674743313,0.0032537056747433124,0.25,5,1.2865604743428172
2017-01-13,8,0.0041924860903376215,0.003692486090337621,0.5,4,1.291311080998706
2017-01-20,8,0.009514633617387136,0.009014633617387136,0.5,5,1.3029517772799815
2017-01-27,8,0.006300537682291302,0.005800537682291301,0.5,5,1.3105095981623025
2017-02-03,8,0.012416684538158446,0.011916684538158445,0.25,5,1.3261265276278313
2017-02-10,8,0.001801170629175397,0.0013011706291753966,0.5,3,1.327852044516151
2017-02-17,8,-0.006432446601198766,-0.006932446601198766,1.0,2,1.3186467811232503
2017-03-03,8,0.004847424830935199,0.004347424830935198,0.75,6,1.3243794988827382
2017-03-10,8,0.009796551571420758,0.009296551571420758,0.75,5,1.3366916611942339
2017-03-17,8,0.016428604183466367,0.015928604183466366,0.25,6,1.357983293580737
2017-03-24,8,-0.0003495002961233229,-0.0008495002961233233,0.25,5,1.3568296863707097
2017-03-31,8,-0.000653414973155575,-0.0011534149731555754,0.25,4,1.3552646986944277
2017-04-07,8,-0.0028102503738874907,-0.003310250373887491,0.25,2,1.350778433218858
2017-04-21,8,-0.0009606263668004988,-0.0014606263668004993,0.75,3,1.3488054506235931
2017-04-28,8,-0.0019903123761539077,-0.002490312376153908,0.5,3,1.3454465037168812
2017-05-05,8,-0.008585596003089363,-0.009085596003089363,0.25,2,1.3332223203403406
2017-05-12,8,-0.013615068358001553,-0.014115068358001553,0.25,1,1.3144037961523232
2017-05-19,8,-0.00939997921481392,-0.00989997921481392,0.5,0,1.3013912258905427
2017-05-26,8,0.003842209522068457,0.0033422095220684567,0.75,5,1.3057407480376506
2017-06-02,8,-0.0050803813987605195,-0.00558038139876052,0.5,2,1.2984542166556976
2017-06-09,8,0.01504584284721358,0.01454584284721358,0.5,7,1.3173413276354733
2017-06-16,8,0.011260786937361739,0.010760786937361738,0.5,7,1.33151695698594
2017-06-23,8,-0.010474207190696416,-0.010974207190696417,0.0,2,1.3169046140220506
2017-06-30,8,0.0071902962046174745,0.006690296204617474,0.5,6,1.3257150959630857
2017-07-07,8,0.010561787678373458,0.010061787678373457,0.5,6,1.3390541597806809
2017-07-14,8,0.007631506557265216,0.007131506557265216,0.5,6,1.3486036333016902
2017-07-21,8,0.006549437322344448,0.0060494373223444475,0.25,5,1.356761926454035
2017-07-28,8,0.007948863554942509,0.007448863554942509,0.25,5,1.366868260920732
2017-08-04,8,-0.0026061266097058833,-0.0031061266097058837,0.5,3,1.3626225950435238
2017-08-11,8,-0.007690094976046613,-0.008190094976046614,0.75,3,1.3514625865736103
2017-08-18,8,0.00036340242557944546,-0.00013659757442055498,0.75,4,1.3512779800623642
2017-09-01,8,-0.002896554699108378,-0.0033965546991083784,0.75,4,1.3466882904893818
2017-09-08,8,0.001351829775045582,0.0008518297750455817,0.5,4,1.3478354396729257
2017-09-15,8,0.00039877665647661265,-0.0001012233435233878,0.5,4,1.3476990072632027
2017-09-22,8,-0.00030591187423381627,-0.0008059118742338167,0.5,3,1.3466128806303561
2017-09-29,8,-0.01867002096250045,-0.01917002096250045,0.25,1,1.3207982834802992
2017-10-06,8,-0.0027686494991210897,-0.00326864949912109,0.0,4,1.3164810568325613
2017-10-13,8,0.00214188321544706,0.0016418832154470597,0.5,5,1.3186425649832287
2017-10-27,8,-0.015765446611185757,-0.016265446611185758,0.5,2,1.297194254743257
2017-11-03,8,-0.03367899183150164,-0.03417899183150164,0.25,1,1.2528574629065163
2017-11-10,8,-0.013693878900710554,-0.014193878900710555,0.25,1,1.2350745557981697
2017-11-17,5,-0.014940031329660198,-0.015740031329660197,0.46153846153846156,2,1.2156344435954405
2017-11-24,8,0.0020492676994469244,0.001549267699446924,0.46153846153846156,6,1.2175177867732379
2017-12-01,4,-0.015146814739681685,-0.016146814739681686,0.6666666666666666,1,1.1978587526279432
2017-12-08,8,-0.006848426017961234,-0.007348426017961235,0.6666666666666666,2,1.1890563762042894
2017-12-15,8,-0.012163063047913883,-0.012663063047913883,0.25,1,1.1739992803448904
2017-12-22,8,0.018714649276762182,0.018214649276762182,0.75,7,1.1953832654875436
2017-12-29,8,0.008255390351707637,0.007755390351707636,0.5,7,1.2046539293312983
2018-01-05,8,0.002405049460600092,0.0019050494606000917,0.5,5,1.2069488546495808
2018-01-12,8,-0.005883928759887497,-0.006383928759887497,0.5,4,1.1992437791446702
2018-01-19,8,0.001974845263516656,0.0014748452635166553,0.75,5,1.2010124781521436
2018-02-02,8,-0.004416498771613209,-0.004916498771613209,0.75,2,1.1951077017786165
2018-02-09,8,-0.016791092083278683,-0.017291092083278684,0.5,1,1.1744429844577269
2018-02-16,8,-0.012165154703165107,-0.012665154703165107,0.5,2,1.159568482369523
2018-02-23,8,0.002218983816222278,0.0017189838162222776,0.25,5,1.1615617618245178
2018-03-09,8,-0.013040210536421043,-0.013540210536421043,0.75,1,1.1458339710183576
2018-03-16,8,-0.016841005188956315,-0.017341005188956315,0.25,1,1.1259640581812458
2018-03-23,8,-0.023772352131805424,-0.024272352131805425,0.5,0,1.0986342620733138
2018-04-06,8,-0.02082765538865007,-0.02132765538865007,0.5,0,1.0752029691336502
2018-04-13,8,-0.021660147499702964,-0.022160147499702965,0.0,0,1.05137631274553
2018-04-20,8,-0.021102421861313322,-0.021602421861313323,0.0,2,1.0286640381026089
2018-04-27,8,-0.019384439012477814,-0.019884439012477814,0.25,0,1.0082096307726285
2018-05-04,8,-0.02109773431024664,-0.02159773431024664,0.25,0,0.9864345870381693
2018-05-11,8,-0.013483645294797647,-0.013983645294797648,0.5,1,0.9726406356665074
2018-05-18,8,-0.00709619527789071,-0.0075961952778907105,0.25,3,0.9652522674627728
2018-05-25,8,-0.0067966419267054545,-0.007296641926705455,0.0,4,0.9582091672981564
2018-06-01,8,-0.00504555004333479,-0.00554555004333479,0.25,4,0.9528953704089224
2018-06-08,8,-0.00397408453833481,-0.0044740845383348105,0.25,3,0.9486320359655249
2018-06-15,8,-0.005399893126624561,-0.005899893126624561,0.5,3,0.9430352083368361
2018-06-22,8,-0.006085444732875034,-0.006585444732875034,0.25,3,0.9368249020911785
2018-06-29,8,-0.0039029552435028425,-0.004402955243502843,0.0,3,0.9327001039762721
2018-07-06,8,0.0055272711961370236,0.005027271196137023,0.5,4,0.937389040343626
2018-07-13,8,0.011571749932205444,0.011071749932205444,0.5,5,0.9477675773875007
2018-07-20,8,0.02208442836243657,0.02158442836243657,0.25,6,0.9682245987658612
2018-07-27,8,0.008098794405656098,0.007598794405656098,0.75,5,0.9755819384303819
2018-08-03,8,0.0073723311645406825,0.006872331164540682,0.25,4,0.98228646058942
2018-08-10,8,0.0010042296432395126,0.0005042296432395121,0.25,4,0.9827817585410021
2018-08-17,8,0.006420899810838376,0.005920899810838376,0.25,5,0.9886007108692431
2018-08-24,8,0.0023614025901008556,0.0018614025901008552,0.25,3,0.9904408947930307
2018-08-31,8,0.005320397053295775,0.004820397053295775,0.5,3,0.9952152131637547
2018-09-07,8,0.006694813112381889,0.006194813112381889,0.0,4,1.0013803854159036
2018-09-14,8,0.006528384300007517,0.006028384300007517,0.25,4,1.0074170912096803
2018-09-21,8,0.007162511185506523,0.006662511185506523,0.5,6,1.0141290188483352
2018-09-28,8,0.012421642287575738,0.011921642287575737,0.5,6,1.026219102244495
2018-10-05,8,0.002742428004804759,0.0022424280048047585,0.25,5,1.0285203246984338
2018-10-12,8,-0.0038270333060779205,-0.004327033306077921,0.5,4,1.0240698829974857
2018-10-19,8,0.0028428321653466426,0.002342832165346642,0.5,5,1.026469106858935
2018-10-26,8,-0.0029367344598416334,-0.003436734459841634,0.5,3,1.0229414051074301
2018-11-02,8,0.00792526154301293,0.007425261543012929,0.25,6,1.03053701258353
2018-11-09,8,0.00837184219315798,0.00787184219315798,0.25,6,1.038649237320796
2018-11-16,8,0.004882494493710976,0.0043824944937109755,0.5,5,1.0432011118842515
2018-11-30,8,0.0019554911432503735,0.001455491143250373,0.25,6,1.044719481863228
2018-12-07,8,0.00017632566575098707,-0.0003236743342490134,1.25,6,1.044381332980459
2018-12-14,8,-0.0031979051894355792,-0.0036979051894355797,0.75,3,1.040519309829481
2018-12-21,8,-0.004728839983418748,-0.005228839983418748,0.5,3,1.0350786008587254
2018-12-28,8,0.0059595371839294975,0.005459537183929497,0.75,6,1.0407296509684032
2019-01-04,8,-7.993320486968103e-05,-0.0005799332048696815,0.75,4,1.040126097286514
2019-01-11,8,-0.005104518768709931,-0.005604518768709932,0.5,4,1.0342966910524467
2019-01-18,8,-0.005006223165007095,-0.005506223165007096,0.75,3,1.0286016226526835
2019-01-25,8,0.0007952597898022162,0.0002952597898022158,0.5,4,1.0289053273515782
2019-02-01,8,0.0036965127360705508,0.0031965127360705503,0.5,7,1.0321942363346683
2019-02-08,8,0.015671713817592997,0.015171713817592997,0.75,6,1.047854391892507
2019-02-15,8,0.013488750230192997,0.012988750230192997,0.75,6,1.0614647108664095
2019-02-22,8,0.031223926627623882,0.030723926627623882,0.25,8,1.094077074760881
2019-03-01,8,-0.0019985849457532234,-0.002498584945753224,0.75,5,1.0913434302523897
2019-03-08,8,0.0023587117227450993,0.0018587117227450989,0.5,5,1.0933719230797407
2019-03-15,8,0.029436030766459148,0.028936030766459148,0.25,7,1.1250097666851588
2019-03-22,8,0.03057746947607612,0.03007746947607612,0.5,8,1.1588472136029193
2019-03-29,8,0.007445089915587191,0.006945089915587191,0.75,4,1.1668955116998192
2019-04-05,8,0.0075374486148247904,0.00703744861482479,0.25,5,1.1751074789022764
2019-04-12,8,0.013554698416346628,0.013054698416346627,0.5,5,1.190448152646139
2019-04-26,8,0.014320988463296741,0.01382098846329674,0.5,7,1.2069013228300143
2019-05-03,8,0.005764672206923907,0.005264672206923907,0.5,5,1.213255262680817
2019-05-10,8,0.031601450927437796,0.031101450927437796,0.25,7,1.2509892616955403
2019-05-17,8,0.026904442545830867,0.026404442545830867,0.0,7,1.2840209357814316
2019-05-24,8,0.02274565701881949,0.02224565701881949,0.25,6,1.3125848251238088
2019-05-31,8,-0.009512393864157712,-0.010012393864157712,0.25,3,1.2994427088745526
2019-06-07,8,0.02391048230244032,0.02341048230244032,0.25,7,1.3298632894136955
2019-06-14,8,-0.005592268650066234,-0.006092268650066235,0.5,2,1.3217614049867266
2019-06-21,8,0.035951121800509744,0.035451121800509744,0.5,8,1.368619329546124
2019-06-28,8,0.00205032212820333,0.0015503221282033297,0.5,6,1.3707411303778063
2019-07-05,8,0.019796393273158436,0.019296393273158435,0.5,6,1.3971914903052702
2019-07-12,8,0.027410640585553148,0.026910640585553147,0.25,7,1.4347908083300687
2019-07-19,8,0.015470553466897519,0.014970553466897518,0.5,4,1.4562704208399873
2019-07-26,8,0.01600461329585004,0.01550461329585004,0.5,6,1.478849330569296
2019-08-02,8,0.009747394367009055,0.009247394367009054,0.25,5,1.4925248335384576
2019-08-09,8,0.015526377724926627,0.015026377724926626,0.25,8,1.5149520754510397
2019-08-16,8,0.008423684913115265,0.007923684913115264,0.25,7,1.5269560783553837
2019-08-23,8,0.0035170467456150933,0.003017046745615093,0.75,5,1.531562976222283
2019-08-30,8,0.009785923256952683,0.009285923256952683,0.5,6,1.5457849524826732
2019-09-06,8,0.013482449143278397,0.012982449143278396,0.5,7,1.5658530270147246
2019-09-13,8,0.0086924981786006,0.008192498178600599,0.25,4,1.578681275086499
2019-09-20,8,-0.002347160646528762,-0.0028471606465287624,0.75,4,1.5741865158866608
2019-09-27,8,0.0017972945231657655,0.001297294523165765,0.5,5,1.576228699432162
2019-10-04,8,0.00199339549842828,0.0014933954984282793,0.5,4,1.5785826322763872
2019-10-11,8,0.0019758610955402656,0.0014758610955402651,0.25,3,1.5809124009694595
2019-10-18,8,0.008237038471076208,0.0077370384710762075,0.5,6,1.5931439810351617
2019-10-25,8,0.008201040141645938,0.007701040141645937,0.25,6,1.6054128467845352
2019-11-01,8,0.017486571581156463,0.016986571581156462,0.5,7,1.6326833070237488
2019-11-08,8,0.02337836282462813,0.02287836282462813,0.25,8,1.6700364280995517
2019-11-15,8,0.018279864161587278,0.017779864161587278,0.75,7,1.699729448936064
2019-11-22,8,0.032629847033924325,0.032129847033924325,0.5,8,1.7543414961294364
2019-11-29,8,-0.007572992667564601,-0.008072992667564602,0.5,3,1.7401787100947792
2019-12-06,8,-0.004660072710721386,-0.005160072710721386,1.0,2,1.7311992614210407
2019-12-13,8,-0.005772348640489353,-0.006272348640489353,0.5,2,1.7203405760872503
2019-12-20,8,-0.03461065581720696,-0.03511065581720696,0.25,1,1.6599382902318753
2019-12-27,8,0.04429277286528424,0.04379277286528424,0.25,7,1.732631590746388
2020-01-03,8,0.05400319645972308,0.05350319645972308,0.25,8,1.8253329191384144
2020-01-10,8,0.01923854283514105,0.01873854283514105,0.5,7,1.8595369982320826
2020-01-17,8,0.03140510612765379,0.030905106127653792,0.75,8,1.9170061865107437
2020-01-24,8,0.03351181113614156,0.03301181113614156,0.75,8,1.9802900326866513
2020-01-31,8,0.003338764618096318,0.0028387646180963177,0.5,5,1.985911609965011
2020-02-07,8,-0.000966415736293566,-0.0014664157362935665,0.25,5,1.9829994379292701
2020-02-14,8,-0.00372435072467156,-0.004224350724671561,0.0,5,1.9746225528166303
2020-02-28,7,-0.02193303660767256,-0.022504465179101128,0.6666666666666666,0,1.9301847283349007
2020-03-06,7,-0.02127652397699725,-0.02184795254842582,0.5714285714285714,1,1.8880141439805436
2020-03-13,1,-0.008275251813973039,-0.01227525181397304,1.5,0,1.8648382949348397
2020-03-27,1,-0.012042155983535086,-0.016042155983535086,0.0,0,1.8349222681234254
2020-04-17,1,-0.031114932358035086,-0.03511493235803509,2.0,0,1.770489096796019
2020-04-24,1,-0.019311183106547114,-0.023311183106547114,0.0,0,1.7292169012724616
2020-05-08,3,-0.01230842644854683,-0.013641759781880165,1.0,0,1.7056273396945354
2020-05-15,3,-0.01668043952164703,-0.01801377285498036,0.0,0,1.6749025562220334
2020-05-22,5,-0.007370328271300775,-0.008170328271300776,0.5,1,1.6612180525152584
2020-05-29,8,-0.010819768101792415,-0.011319768101792416,0.7692307692307693,2,1.6424134493942744
2020-06-05,8,-0.0063592083913001085,-0.006859208391300109,0.0,3,1.631147793280205
2020-06-12,8,-0.007028793962344321,-0.007528793962344321,0.5,1,1.6188672176224657
2020-06-19,8,-0.010156746556179291,-0.010656746556179292,0.5,2,1.6016153599761558
2020-06-26,8,0.0007156280184465735,0.0002156280184465731,0.25,3,1.601960713122541
2020-07-03,8,-0.0015020945820310994,-0.0020020945820311,0.25,3,1.5987534362581717
2020-07-10,8,-0.00342858909298982,-0.00392858909298982,0.5,3,1.5924725909461077
2020-07-17,8,-0.004875734679255922,-0.005375734679255922,0.5,3,1.5839118808131942
2020-07-24,8,-0.007028216206293569,-0.00752821620629357,0.5,3,1.5719878497227155
2020-07-31,8,-0.0019477200941640516,-0.002447720094164052,0.25,4,1.5681400634751674
2020-08-07,8,0.0021491566606297308,0.0016491566606297303,0.25,3,1.570726172105648
2020-08-14,8,-0.002947210050911253,-0.0034472100509112535,0.5,4,1.565311549057936
2020-08-21,7,-0.011398990433127724,-0.011970419004556294,0.4,2,1.5465741139430413
2020-08-28,8,-0.00722595511638352,-0.0077259551163835205,0.6666666666666666,4,1.5346253517545567
2020-09-04,8,-0.012821496102674801,-0.013321496102674801,0.25,1,1.5141818461120924
2020-09-11,8,-0.0005280564844621916,-0.001028056484462192,0.25,5,1.512625181646542
2020-09-18,8,-0.0025479433990850953,-0.0030479433990850957,0.25,3,1.5080147857088524
2020-09-25,8,0.007033845537146616,0.006533845537146615,0.25,4,1.5178679213864072
2020-10-09,8,0.007268272247783175,0.006768272247783175,0.5,5,1.5281412647145272
2020-10-16,8,0.016546746357377407,0.016046746357377406,0.25,5,1.5526629599876431
2020-10-23,8,-0.000904885847484993,-0.0014048858474849935,0.5,5,1.5504816457692423
2020-10-30,8,0.03535173925255111,0.03485173925255111,0.75,6,1.6045186278034582
2020-11-06,8,-0.002188235695569335,-0.0026882356955693354,0.75,3,1.6002053035539912
2020-11-13,8,0.005062919219219197,0.004562919219219197,0.25,4,1.607506911088274
2020-11-20,8,0.008102130643191152,0.007602130643191152,0.5,4,1.6197273886362
2020-11-27,8,0.02792523982179093,0.02742523982179093,0.75,6,1.664148800715471
2020-12-04,8,0.012708195642435832,0.012208195642435832,0.25,5,1.6844650548527305
2020-12-11,8,0.014937039230352944,0.014437039230352944,0.0,7,1.708783742931798
2020-12-18,8,0.02123331324171837,0.02073331324171837,0.25,6,1.744212491536359
2021-01-01,8,0.008856654314779916,0.008356654314779915,0.5,6,1.7587882723796495
2021-01-08,8,0.003985393078079186,0.0034853930780791853,0.25,4,1.7649183408500084
2021-01-15,8,0.0025866722227531336,0.002086672222753133,0.0,4,1.7686011469272875
2021-01-22,8,0.008035217733529304,0.007535217733529304,0.25,5,1.7819279416531542
2021-01-29,8,0.00035465584209359857,-0.00014534415790640187,0.0,4,1.7816689488370245
2021-02-05,8,-0.0001436031415150696,-0.00064360314151507,0.25,4,1.7805222611044131
2021-02-12,8,-0.0013560476334417843,-0.0018560476334417847,0.0,4,1.7772175269753998
2021-02-19,8,-0.006441516903608752,-0.006941516903608752,0.25,1,1.7648809414705102
2021-02-26,8,-0.0158400279097628,-0.0163400279097628,0.25,1,1.7360427376294738
2021-03-05,8,-0.003048086184759713,-0.0035480861847597134,0.5,4,1.7298831083759383
2021-03-12,8,-0.004320860851511982,-0.004820860851511982,0.75,4,1.7215435826210768
2021-03-19,8,-0.0011683040153672442,-0.0016683040153672446,0.75,3,1.7186715245495603
2021-03-26,8,0.0009019807769712895,0.0004019807769712891,0.5,4,1.7193623974643573
2021-04-09,8,0.010373276598776293,0.009873276598776293,1.0,6,1.736338137988058
2021-04-16,8,0.015396277252937546,0.014896277252937545,0.25,7,1.7622031122963775
2021-04-23,8,0.013568455719812467,0.013068455719812466,0.25,7,1.7852323856387384
2021-04-30,8,0.015608403856291003,0.015108403856291003,0.5,7,1.8122043974982982
2021-05-07,8,0.015517820447621178,0.015017820447621177,0.25,7,1.8394197577543172
2021-05-14,8,0.013956382750084262,0.013456382750084261,0.5,7,1.8641716940527264
2021-05-21,8,0.01187136311581749,0.01137136311581749,0.5,7,1.8853698672960284
2021-05-28,8,0.010477190131685021,0.009977190131685021,0.25,7,1.9041805609305906
2021-06-04,8,0.006775238603240946,0.006275238603240946,0.25,6,1.9161297482940833
2021-06-11,8,0.0021234969731784015,0.001623496973178401,0.25,5,1.9192405791406557
2021-06-18,8,-0.004915964489460384,-0.005415964489460384,0.25,3,1.9088460403172987
2021-06-25,8,-0.00824152620494703,-0.008741526204947031,0.25,3,1.8921598126346555
2021-07-02,8,-0.01672049902319986,-0.01722049902319986,0.5,1,1.8595758764294423
2021-07-09,8,-0.010101517324068526,-0.010601517324068527,0.5,2,1.8398615505600557
2021-07-16,8,-0.02149276082547405,-0.02199276082547405,0.5,2,1.7993979155266024
2021-07-23,8,-0.021272191336214608,-0.021772191336214608,0.25,2,1.7602210798197717
2021-07-30,8,-0.005612723148192389,-0.006112723148192389,1.0,3,1.7494613356792212
2021-08-06,8,-0.010463540244589481,-0.010963540244589481,0.75,4,1.7302810459191489
2021-08-13,8,-0.010894882167216735,-0.011394882167216736,0.5,1,1.7105646972847317
2021-08-20,8,0.0006317241442362342,0.0001317241442362338,0.25,5,1.7107900199556423
2021-08-27,8,0.005039236157209859,0.004539236157209858,0.25,5,1.7185556998716187
2021-09-03,8,0.01059627442076487,0.01009627442076487,0.25,6,1.7359067098248921
2021-09-17,8,0.007050594682755901,0.0065505946827559,0.5,6,1.7472779310880315
2021-09-24,8,0.0153150407761692,0.0148150407761692,0.25,7,1.773163924884401
2021-10-01,8,0.006921170607882679,0.006421170607882679,1.0,7,1.7845497129618269
2021-10-08,8,0.005092799021144762,0.004592799021144761,0.75,6,1.792745791136702
2021-10-22,8,0.0031331874026675616,0.002633187402667561,0.5,7,1.7974664267701084
2021-10-29,8,0.0012877128866272125,0.0007877128866272121,0.25,3,1.7988823142377548
2021-11-12,8,-0.005342590655505602,-0.005842590655505603,0.5,2,1.788372181238235
2021-11-26,8,-0.00418828579743126,-0.00468828579743126,0.5,2,1.7799877813404146
2021-12-03,8,-0.01499408803808705,-0.01549408803808705,0.5,1,1.752408493949607
2021-12-10,8,-0.016183147365177314,-0.016683147365177314,0.5,1,1.7231728048010573
2021-12-17,3,-0.02680143558982236,-0.02813476892315569,0.9090909090909091,0,1.6746917361233136
2021-12-24,2,-0.0419498778726321,-0.043949877872632104,1.2,0,1.6010892388463875
2021-12-31,3,-0.03901476891647763,-0.04034810224981096,0.4,0,1.5364883265263414
2022-01-07,6,-0.015109282089529887,-0.015775948756196558,0.6666666666666666,1,1.5122487654225676
2022-01-14,8,-0.010294305735775222,-0.010794305735775223,0.5714285714285714,2,1.4959250899000478
2022-01-21,1,-0.02518431624747486,-0.02918431624747486,1.5555555555555556,0,1.4522675389938726
2022-01-28,1,-0.02915649396297193,-0.033156493962971934,0.0,0,1.4041154391046022
2022-02-04,4,-0.017949633009778698,-0.0189496330097787,1.2,1,1.3775079668302057
2022-02-11,2,-0.020129471965830037,-0.02212947196583004,0.6666666666666666,0,1.3470244428955291
2022-02-18,8,0.0008823942955881181,0.00038239429558811766,1.6,4,1.3475395373585102
2022-02-25,8,0.006849859698951993,0.006349859698951993,0.75,6,1.3560962243595274
2022-03-04,8,-0.0009696021588142673,-0.0014696021588142677,0.5,4,1.3541033024206486
2022-03-11,8,0.007857590088026153,0.007357590088026153,0.75,5,1.364066239456702
2022-03-25,8,0.01340443273952742,0.012904432739527419,0.25,6,1.381668740496031
2022-04-01,8,0.008145657778631327,0.007645657778631326,0.5,5,1.3922325068492962
2022-04-08,8,0.009304852880833533,0.008804852880833533,0.25,7,1.4044909092480184
2022-04-22,8,0.016754256306933626,0.016254256306933626,0.75,8,1.427319864467694
2022-04-29,8,0.018631001079238027,0.018131001079238027,1.0,8,1.4531986024707757
2022-05-06,8,0.014993877379512494,0.014493877379512493,0.75,8,1.474261084823066
2022-05-13,8,0.00839998226014707,0.00789998226014707,0.75,6,1.4859077212399934
2022-05-20,8,0.007576496393194382,0.007076496393194381,0.75,8,1.4964227418699678
2022-05-27,8,0.000720646457840507,0.00022064645784050652,0.5,3,1.4967529222473934
2022-06-03,8,0.012429550193802569,0.011929550193802568,0.5,5,1.5146085113610643
2022-06-10,8,0.014439798472547782,0.013939798472547782,0.25,6,1.5357218487742432
2022-06-17,8,0.014082681884540316,0.013582681884540315,0.25,4,1.556581070109282
2022-06-24,8,0.012248590424563999,0.011748590424563998,0.25,4,1.5748687035646254
2022-07-01,8,0.0017931924476283223,0.0012931924476283219,0.25,6,1.5769053118780814
2022-07-08,8,0.0006707540407119572,0.0001707540407119571,0.5,3,1.5771745748319046
2022-07-15,8,0.002543123948031467,0.0020431239480314667,0.5,5,1.58039693797597
2022-07-22,8,0.00896736853382138,0.008467368533821379,0.75,6,1.5937787412795354
2022-07-29,8,0.010407588767038983,0.009907588767038983,0.25,7,1.6095692456337822
2022-08-05,8,0.00629437253730003,0.00579437253730003,0.25,6,1.6188956894675652
2022-08-12,8,0.006505318636340934,0.006005318636340934,0.0,6,1.6286176739218168
2022-08-19,8,0.012828444176052306,0.012328444176052306,0.25,8,1.648695995998894
2022-08-26,8,0.007584275548092878,0.007084275548092878,0.25,6,1.6603758127295876
2022-09-02,8,0.006823098831020918,0.006323098831020918,0.0,5,1.6708745330901136
2022-09-09,8,0.009416490553225326,0.008916490553225326,0.0,6,1.6857728700800363
2022-09-16,8,0.008332129656075077,0.007832129656075076,0.0,7,1.698976061769197
2022-09-23,8,0.010033286643672146,0.009533286643672145,0.5,7,1.71517288756678
2022-09-30,8,-0.0005419475944088703,-0.0010419475944088707,0.75,5,1.7133857673025845
2022-10-07,8,0.007223248242472502,0.0067232482424725015,0.5,6,1.7249052851512787
2022-10-14,8,3.3720001341719374e-05,-0.00046627999865828107,0.75,5,1.7241009963172327
2022-10-21,8,0.0004554193132209061,-4.458068677909427e-05,0.5,5,1.7240241347107403
2022-10-28,8,0.011116524431309699,0.010616524431309698,0.5,8,1.7423272790570645
2022-11-04,8,0.02969037578836531,0.029190375788365308,0.25,8,1.7931864670790603
2022-11-11,8,0.029460476080138118,0.028960476080138117,0.5,8,1.8451180008661308
2022-11-18,8,0.030822045871180564,0.030322045871180564,0.25,8,1.9010657535261346
2022-11-25,8,0.02890940726198632,0.02840940726198632,0.5,8,1.9550739047498733
2022-12-02,8,0.03054631822822236,0.03004631822822236,0.25,8,2.0138166774516817
2022-12-09,8,0.027466723635717658,0.026966723635717657,0.25,8,2.0681227152455204
2022-12-16,8,0.02139175857996413,0.02089175857996413,0.5,7,2.11132943572617
2022-12-23,8,0.02147008005371441,0.02097008005371441,0.25,7,2.1556041830131116
2022-12-30,8,0.02169605715075827,0.02119605715075827,0.25,7,2.201294492470671
2023-01-06,8,0.015577386674347007,0.015077386674347007,0.25,7,2.2344842607177617
2023-01-13,8,0.019369145117076367,0.018869145117076366,0.25,7,2.2766470684950684
2023-01-20,8,0.020334848295880434,0.019834848295880433,0.25,7,2.3218040177219286
2023-01-27,8,0.01304734767827212,0.01254734767827212,1.25,8,2.3509364999730944
2023-02-03,8,0.000925734721003324,0.00042573472100332365,0.5,4,2.351937375268007
2023-02-10,8,0.003352321938395908,0.0028523219383959075,0.5,5,2.358645857841217
2023-02-17,8,0.0038589439972906148,0.0033589439972906143,0.75,5,2.3665684171871466
2023-02-24,8,0.003947241406171337,0.0034472414061713363,0.5,3,2.3747265498254113
2023-03-03,8,0.0007224394507939769,0.00022243945079397675,0.75,4,2.3752547826949404
2023-03-10,8,0.0006743136945256967,0.00017431369452569634,0.25,3,2.375668822131552
2023-03-17,8,0.004471438909534942,0.003971438909534941,0.25,4,2.385103645727934
2023-03-24,8,0.0011645687679663064,0.0006645687679663059,0.25,5,2.3866887111192474
2023-03-31,8,-0.0015689540875821473,-0.0020689540875821477,0.0,4,2.381750761754591
2023-04-21,8,0.011893136033873375,0.011393136033873374,0.75,7,2.4088863721820433
2023-04-28,8,0.0088793086283451,0.0083793086283451,0.5,6,2.429071174545171
2023-05-05,8,0.01567805097180558,0.015178050971805579,0.25,7,2.4659397406465615
2023-05-12,8,0.012739097350197959,0.012239097350197958,0.75,7,2.496120617192057
2023-05-19,8,0.00943276339747301,0.00893276339747301,0.25,5,2.518417872076988
2023-05-26,8,0.02059046547085361,0.020090465470853608,0.25,7,2.5690140593771313
2023-06-02,8,0.023373902263764262,0.022873902263764262,0.5,8,2.62777743588556
2023-06-09,8,0.023627860352531116,0.023127860352531115,0.5,6,2.6885523054602536
2023-06-16,8,0.018209909754170278,0.017709909754170278,0.5,7,2.736166324159321
2023-06-23,8,0.01802345330216726,0.017523453302167258,0.25,7,2.78411340696769
2023-06-30,8,0.02404388736993124,0.023543887369931238,0.75,7,2.8496622594464527
2023-07-07,8,0.01733952811324796,0.01683952811324796,0.25,7,2.897649227177663
2023-07-14,8,0.01574333118253199,0.015243331182531988,0.75,7,2.9418190539983398
2023-07-21,8,0.020083704927646787,0.019583704927646786,0.75,7,2.9994307703023724
2023-07-28,8,0.017208606542688437,0.016708606542688437,0.75,7,3.0495470788953876
2023-08-04,8,0.017240251862932626,0.016740251862932626,0.5,7,3.1005972650639673
2023-08-11,8,0.018634027072076065,0.018134027072076064,0.75,6,3.156823579808242
2023-08-18,8,0.015057019669973137,0.014557019669973137,0.0,6,3.2027775227541455
2023-08-25,8,0.009183168785609486,0.008683168785609485,0.25,5,3.230587780566976
2023-09-01,8,-0.002821602942941287,-0.0033216029429412874,0.25,3,3.2198570506876143
2023-09-08,8,-0.0008198168606213807,-0.0013198168606213811,0.25,4,3.215607429063326
2023-09-15,8,-0.0027350351050360044,-0.003235035105036005,0.5,4,3.2052048261462915
2023-09-22,8,-0.005202179521963141,-0.005702179521963141,0.25,3,3.1869281728229426
2023-09-29,8,-0.005041420883416414,-0.005541420883416415,0.25,4,3.1692680624921135
2023-10-06,8,-0.001165024660503139,-0.0016650246605031394,0.25,5,3.163991153012319
2023-10-13,8,-0.010319561047007875,-0.010819561047007875,0.25,3,3.1297581575801092
2023-10-20,8,-0.004082600223334204,-0.0045826002233342045,0.25,5,3.1154157271482004
2023-10-27,8,0.003184908077789511,0.0026849080777895107,0.5,6,3.123780331999693
2023-11-03,8,0.004188312993236271,0.00368831299323627,0.5,6,3.1353018115862237
2023-11-10,8,0.004753340223981717,0.004253340223981716,0.25,6,3.148637316895766
2023-11-17,8,0.0038599633963571633,0.003359963396357163,0.0,6,3.1592166230289402
2023-11-24,8,0.006082991443600999,0.005582991443600999,0.0,6,3.176854502403793
2023-12-01,8,0.007322935099851324,0.006822935099851324,0.0,7,3.1985299744953646
2023-12-08,8,0.0036915258190956257,0.0031915258190956253,0.25,5,3.2087381654921177
2023-12-15,8,0.0011109981550262715,0.0006109981550262711,0.25,5,3.2106986985911954
2023-12-22,8,0.009874861977588106,0.009374861977588106,0.5,7,3.24079855574211
2023-12-29,8,0.0071231806545575815,0.006623180654557581,0.5,5,3.262262950041819
2024-01-05,8,0.00699568215036292,0.006495682150362919,0.75,4,3.2834535732561965
2024-01-12,8,0.005578407817895481,0.005078407817895481,0.0,4,3.300128289552318
2024-01-19,8,0.004590640860814038,0.004090640860814038,0.5,4,3.3136279291794892
2024-02-02,8,0.002832616790944986,0.0023326167909449858,0.75,4,3.3213573533260377
2024-02-09,8,0.004137686295555804,0.003637686295555803,0.5,5,3.3334394094528754
2024-02-16,8,0.0007695003183716687,0.0002695003183716682,0.0,4,3.3343377724349956
2024-02-23,8,-0.0024105243099857843,-0.0029105243099857847,0.5,2,3.3246331012906194
2024-03-01,8,-0.002454178129659812,-0.0029541781296598124,0.25,4,3.3148115428936435
2024-03-15,8,0.004349074615766779,0.003849074615766779,0.5,5,3.327570499859446
2024-03-22,8,-0.0006983959740501089,-0.0011983959740501093,0.25,4,3.3235827527690462
2024-04-05,8,0.006046869775089003,0.005546869775089003,0.25,5,3.3420182334853883
2024-04-12,8,0.0028493083516019924,0.002349308351601992,0.75,5,3.3498696648325215
2024-04-19,8,0.004129207576412802,0.003629207576412802,0.5,4,3.3620270372001273
2024-04-26,8,0.005468639311880963,0.004968639311880962,0.5,3,3.3787317369047667
2024-05-03,8,-0.022076002281233797,-0.022576002281233798,0.25,0,3.3024534815047275
2024-05-10,8,0.008072054245572946,0.007572054245572946,0.25,6,3.327459838410163
2024-05-17,8,0.00865228542558008,0.00815228542558008,0.25,7,3.3545862407550366
2024-05-24,8,0.014643921534104543,0.014143921534104542,0.25,7,3.4020332453236626
2024-05-31,8,0.012040527308596866,0.011540527308596865,0.25,7,3.4412945028960746
2024-06-07,8,0.006193226377503691,0.005693226377503691,0.5,6,3.4608865715327215
2024-06-14,8,0.011416926908549674,0.010916926908549673,0.25,7,3.4986688172729252
2024-06-21,8,0.031982412313771635,0.031482412313771635,0.25,8,3.608815351527647
2024-06-28,8,0.01659896253680712,0.01609896253680712,0.25,8,3.6669135346741446
2024-07-05,8,-0.005395821912788826,-0.005895821912788826,0.25,4,3.645294065504111
2024-07-12,8,0.014713191807193576,0.014213191807193576,0.0,7,3.697105329250745
2024-07-19,8,0.01597933129365639,0.01547933129365639,0.25,7,3.7543340474697597
2024-07-26,8,0.001044354283381968,0.0005443542833819677,0.25,3,3.756377735289747
2024-08-02,8,0.00866488101433495,0.008164881014334949,0.25,7,3.7870481125432844
2024-08-09,8,0.01585934733261797,0.01535934733261797,0.0,7,3.845214699869172
2024-08-16,8,0.012751625162789257,0.012251625162789256,0.0,7,3.8923248290424164
2024-08-23,8,0.014384270284293413,0.013884270284293412,0.25,8,3.946366919003107
2024-08-30,8,0.02264940762363439,0.02214940762363439,0.5,8,4.0337766085245335
2024-09-06,8,0.01077154556384717,0.01027154556384717,0.25,6,4.075209728753374
2024-09-13,8,-0.001998830685729258,-0.0024988306857292586,0.25,3,4.065026469632383
2024-09-20,8,0.010478431967483229,0.009978431967483228,0.25,6,4.105589059705628
2024-09-27,8,0.020048486638927304,0.019548486638927304,0.25,8,4.185847112584209
2024-10-04,8,0.020975896539866548,0.020475896539866548,0.25,8,4.271556084993183
2024-10-11,8,0.01876699572069805,0.01826699572069805,0.25,7,4.349584581718474
2024-10-18,8,-0.00449739462759427,-0.0049973946275942704,0.75,2,4.327847991097528
2024-10-25,8,0.010512617419565398,0.010012617419565398,0.75,7,4.371181077282422
2024-11-08,8,-0.0034686722874061188,-0.003968672287406119,0.5,4,4.353833292077777
2024-11-22,8,0.0039375669825924275,0.003437566982592427,0.75,6,4.3687998856503345
2024-11-29,8,-0.00653141987663769,-0.00703141987663769,0.5,3,4.33808101929732
2024-12-06,8,0.008458619728268002,0.007958619728268002,0.25,7,4.372606156480324
2024-12-13,8,0.00696783614290368,0.00646783614290368,0.25,6,4.40088745661789
2024-12-20,8,0.0006942841759791235,0.00019428417597912317,0.0,4,4.401742479410976
