date,nav
2015-04-01,20.1900
2015-04-06,20.3300
2015-04-07,20.3600
2015-04-08,20.4900
2015-04-09,20.5700
2015-04-10,20.5600
2015-04-13,20.6900
2015-04-15,20.5400
2015-04-16,20.4500
2015-04-17,20.1400
2015-04-20,19.7800
2015-04-21,19.6300
2015-04-22,19.6900
2015-04-23,19.6200
2015-04-24,19.3500
2015-04-27,19.1200
2015-04-28,19.3500
2015-04-29,19.3300
2015-04-30,19.2200
2015-05-04,19.4800
2015-05-05,19.4700
2015-05-06,18.9700
2015-05-07,18.8000
2015-05-08,19.1200
2015-05-11,19.4300
2015-05-12,19.0700
2015-05-13,19.3000
2015-05-14,19.2900
2015-05-15,19.3900
2015-05-18,19.6000
2015-05-19,19.6300
2015-05-20,19.7500
2015-05-21,19.7300
2015-05-22,19.8400
2015-05-25,19.7100
2015-05-26,19.6800
2015-05-27,19.6300
2015-05-28,19.5800
2015-05-29,19.8600
2015-06-01,19.7900
2015-06-02,19.4300
2015-06-03,19.2500
2015-06-04,19.2500
2015-06-05,19.2700
2015-06-08,19.0800
2015-06-09,19.0300
2015-06-10,19.2700
2015-06-11,18.9800
2015-06-12,19.0000
2015-06-15,19.1100
2015-06-16,19.1500
2015-06-17,19.3100
2015-06-18,19.4900
2015-06-19,19.5300
2015-06-22,19.8000
2015-06-23,19.8800
2015-06-24,19.8300
2015-06-25,19.9500
2015-06-26,19.9200
2015-06-29,19.7400
2015-06-30,19.8900
2015-07-01,20.0900
2015-07-02,20.1100
2015-07-03,20.1800
2015-07-06,20.2900
2015-07-07,20.2700
2015-07-08,19.9800
2015-07-09,19.9400
2015-07-10,20.0200
2015-07-13,20.2500
2015-07-14,20.2000
2015-07-15,20.3400
2015-07-16,20.5600
2015-07-17,20.5500
2015-07-20,20.5800
2015-07-21,20.3900
2015-07-22,20.6200
2015-07-23,20.5800
2015-07-24,20.4500
2015-07-27,20.1500
2015-07-28,20.1500
2015-07-29,20.2800
2015-07-30,20.3200
2015-07-31,20.5200
2015-08-03,20.5600
2015-08-04,20.5600
2015-08-05,20.7000
2015-08-06,20.8100
2015-08-07,20.7400
2015-08-10,20.7000
2015-08-11,20.5700
2015-08-12,20.2300
2015-08-13,20.2300
2015-08-14,20.7100
2015-08-17,20.6300
2015-08-18,20.6500
2015-08-19,20.7100
2015-08-20,20.3800
2015-08-21,20.2200
2015-08-24,18.8800
2015-08-25,19.0600
2015-08-26,18.8600
2015-08-27,19.2800
2015-08-28,19.4200
2015-08-31,19.2900
2015-09-01,18.8700
2015-09-02,18.7300
2015-09-03,19.0000
2015-09-04,18.5900
2015-09-07,18.3800
2015-09-08,18.6500
2015-09-09,18.9800
2015-09-10,18.9600
2015-09-11,18.9800
2015-09-14,19.1400
2015-09-15,19.0300
2015-09-16,19.1300
2015-09-18,19.3300
2015-09-21,19.4000
2015-09-22,19.0600
2015-09-23,19.1300
2015-09-24,19.2200
2015-09-28,18.9800
2015-09-29,19.1100
2015-09-30,19.3500
2015-10-01,19.3900
2015-10-05,19.7600
2015-10-06,19.7900
2015-10-07,19.7900
2015-10-08,19.6800
2015-10-09,19.8000
2015-10-12,19.7000
2015-10-13,19.6200
2015-10-14,19.5400
2015-10-15,19.7300
2015-10-16,19.8500
2015-10-19,19.9800
2015-10-20,20.0200
2015-10-21,20.0200
2015-10-23,20.0300
2015-10-26,19.9400
2015-10-27,19.9600
2015-10-28,19.8900
2015-10-29,19.7600
2015-10-30,19.6400
2015-11-02,19.5700
2015-11-03,19.6200
2015-11-04,19.5900
2015-11-05,19.3500
2015-11-06,19.3700
2015-11-09,19.3600
2015-11-10,19.1300
2015-11-13,19.1500
2015-11-16,19.2200
2015-11-17,19.2600
2015-11-18,19.0800
2015-11-19,19.3600
2015-11-20,19.4400
2015-11-23,19.4200
2015-11-24,19.3400
2015-11-26,19.4800
2015-11-27,19.5900
2015-11-30,19.5700
2015-12-01,19.5600
2015-12-02,19.5000
2015-12-03,19.3500
2015-12-04,19.1800
2015-12-07,19.1400
2015-12-08,19.0200
2015-12-09,18.7700
2015-12-10,18.9500
2015-12-11,18.7900
2015-12-14,18.8300
2015-12-15,19.0000
2015-12-16,19.1000
2015-12-17,19.3300
2015-12-18,19.1800
2015-12-21,19.3100
2015-12-22,19.2400
2015-12-23,19.4400
2015-12-24,19.4200
2015-12-28,19.5200
2015-12-29,19.5500
2015-12-30,19.5300
2015-12-31,19.7100
2016-01-01,19.7900
2016-01-04,19.4000
2016-01-05,19.4400
2016-01-06,19.3900
2016-01-07,18.9600
2016-01-08,19.1000
2016-01-11,19.0300
2016-01-12,18.8600
2016-01-13,18.9900
2016-01-14,18.8300
2016-01-15,18.5800
2016-01-18,18.2000
2016-01-19,18.4600
2016-01-20,18.1400
2016-01-21,18.0800
2016-01-22,18.3900
2016-01-25,18.4000
2016-01-27,18.4200
2016-01-28,18.4200
2016-01-29,18.7300
2016-02-01,18.7300
2016-02-02,18.4900
2016-02-03,18.2800
2016-02-04,18.2600
2016-02-05,18.4900
2016-02-08,18.3100
2016-02-09,18.0500
2016-02-10,17.8600
2016-02-11,17.2700
2016-02-12,17.3500
2016-02-15,17.7600
2016-02-16,17.4200
2016-02-17,17.5800
2016-02-18,17.7200
2016-02-19,17.7700
2016-02-22,17.8700
2016-02-23,17.6400
2016-02-24,17.4600
2016-02-25,17.3000
2016-02-26,17.3800
2016-02-29,17.3200
2016-03-01,17.8000
2016-03-02,18.1000
2016-03-03,18.3300
2016-03-04,18.3400
2016-03-08,18.2600
2016-03-09,18.3800
2016-03-10,18.2800
2016-03-11,18.3000
2016-03-14,18.3700
2016-03-15,18.2100
2016-03-16,18.3000
2016-03-17,18.3700
2016-03-18,18.5700
2016-03-21,18.8200
2016-03-22,18.8500
2016-03-23,18.8700
2016-03-28,18.5700
2016-03-29,18.5400
2016-03-30,18.8100
2016-03-31,18.8900
2016-04-01,18.8300
2016-04-04,19.0400
2016-04-05,18.6200
2016-04-06,18.6800
2016-04-07,18.5100
2016-04-08,18.5900
2016-04-11,18.8200
2016-04-12,18.9700
2016-04-13,19.2700
2016-04-18,19.4500
2016-04-20,19.5400
2016-04-21,19.5600
2016-04-22,19.5700
2016-04-25,19.4400
2016-04-26,19.7100
2016-04-27,19.7200
2016-04-28,19.4200
2016-04-29,19.4900
2016-05-02,19.4300
2016-05-03,19.3600
2016-05-04,19.2700
2016-05-05,19.3300
2016-05-06,19.3400
2016-05-09,19.6300
2016-05-10,19.6700
2016-05-11,19.6700
2016-05-12,19.7400
2016-05-13,19.6100
2016-05-16,19.6600
2016-05-17,19.6900
2016-05-18,19.6100
2016-05-19,19.3600
2016-05-20,19.2100
2016-05-23,19.1000
2016-05-24,19.1200
2016-05-25,19.5100
2016-05-26,19.8400
2016-05-27,20.0000
2016-05-30,20.0600
2016-05-31,20.1200
2016-06-01,20.0900
2016-06-02,20.1900
2016-06-03,20.1700
2016-06-06,20.1700
2016-06-07,20.3000
2016-06-08,20.3400
2016-06-09,20.2200
2016-06-10,20.1100
2016-06-13,19.9400
2016-06-14,19.9600
2016-06-15,20.2000
2016-06-16,20.0600
2016-06-17,20.1100
2016-06-20,20.2300
2016-06-21,20.2000
2016-06-22,20.1200
2016-06-23,20.2600
2016-06-24,19.8400
2016-06-27,19.8700
2016-06-28,19.9300
2016-06-29,20.1200
2016-06-30,20.3100
2016-07-01,20.4100
2016-07-04,20.6100
2016-07-05,20.5400
2016-07-07,20.4500
2016-07-08,20.4100
2016-07-11,20.7000
2016-07-12,20.8100
2016-07-13,20.7400
2016-07-14,20.8700
2016-07-15,20.7900
2016-07-18,20.6900
2016-07-19,20.7200
2016-07-20,20.7700
2016-07-21,20.6500
2016-07-22,20.7600
2016-07-25,20.9800
2016-07-26,20.8500
2016-07-27,21.0200
2016-07-28,21.1000
2016-07-29,21.0600
2016-08-01,20.9600
2016-08-02,20.8900
2016-08-03,20.6900
2016-08-04,20.6900
2016-08-05,20.9900
2016-08-08,21.0600
2016-08-09,21.0000
2016-08-10,20.8000
2016-08-11,20.7100
2016-08-12,20.8600
2016-08-16,20.8200
2016-08-17,20.8300
2016-08-18,21.0000
2016-08-19,21.1000
2016-08-22,21.0300
2016-08-23,21.0600
2016-08-24,21.1900
2016-08-25,21.0300
2016-08-26,21.0200
2016-08-29,21.1300
2016-08-30,21.3800
2016-08-31,21.5800
2016-09-01,21.5500
2016-09-02,21.6400
2016-09-06,21.9200
2016-09-07,21.8700
2016-09-08,21.9900
2016-09-09,21.7900
2016-09-12,21.3700
2016-09-14,21.4300
2016-09-15,21.5200
2016-09-16,21.4600
2016-09-19,21.4700
2016-09-20,21.4300
2016-09-21,21.4200
2016-09-22,21.6600
2016-09-23,21.6100
2016-09-26,21.4000
2016-09-27,21.3600
2016-09-28,21.4700
2016-09-29,21.0300
2016-09-30,21.1700
2016-10-03,21.6200
2016-10-04,21.6400
2016-10-05,21.6500
2016-10-06,21.5100
2016-10-07,21.4700
2016-10-10,21.5100
2016-10-13,21.1700
2016-10-14,21.1500
2016-10-17,20.9100
2016-10-18,21.2100
2016-10-19,21.1800
2016-10-20,21.2600
2016-10-21,21.3000
2016-10-24,21.3200
2016-10-25,21.2800
2016-10-26,21.1300
2016-10-27,21.0200
2016-10-28,21.1700
2016-11-01,21.1500
2016-11-02,20.8800
2016-11-03,20.7600
2016-11-04,20.5700
2016-11-07,20.6300
2016-11-08,20.7300
2016-11-09,20.5500
2016-11-10,20.6400
2016-11-11,20.0900
2016-11-15,19.4700
2016-11-16,19.5600
2016-11-17,19.4800
2016-11-18,19.4800
2016-11-21,19.0800
2016-11-22,19.2500
2016-11-23,19.3100
2016-11-24,19.1300
2016-11-25,19.3800
2016-11-28,19.4000
2016-11-29,19.4300
2016-11-30,19.6700
2016-12-01,19.5700
2016-12-02,19.2500
2016-12-05,19.3700
2016-12-06,19.4200
2016-12-07,19.3100
2016-12-08,19.6000
2016-12-09,19.6300
2016-12-12,19.4200
2016-12-13,19.4100
2016-12-14,19.2900
2016-12-15,19.2400
2016-12-16,19.2800
2016-12-19,19.1400
2016-12-20,19.0400
2016-12-21,19.0200
2016-12-22,18.8000
2016-12-23,18.8000
2016-12-26,18.5900
2016-12-27,18.8400
2016-12-28,18.8900
2016-12-29,19.0500
2016-12-30,19.1900
2017-01-02,19.2100
2017-01-03,19.2800
2017-01-04,19.2300
2017-01-05,19.4100
2017-01-06,19.3600
2017-01-09,19.3400
2017-01-10,19.4700
2017-01-11,19.6800
2017-01-12,19.7400
2017-01-13,19.6800
2017-01-16,19.7500
2017-01-17,19.7700
2017-01-18,19.8900
2017-01-19,19.9300
2017-01-20,19.7200
2017-01-23,19.8200
2017-01-24,20.0100
2017-01-25,20.2900
2017-01-27,20.3900
2017-01-30,20.3600
2017-01-31,20.1700
2017-02-01,20.6200
2017-02-02,20.6700
2017-02-03,20.6900
2017-02-06,20.9200
2017-02-07,20.9400
2017-02-08,20.9100
2017-02-09,20.9100
2017-02-10,20.9200
2017-02-13,20.8900
2017-02-14,20.8100
2017-02-15,20.6500
2017-02-16,20.8000
2017-02-17,20.9200
2017-02-20,21.0400
2017-02-21,21.0600
2017-02-22,21.0400
2017-02-23,21.0600
2017-02-27,20.9000
2017-02-28,20.9400
2017-03-01,21.0500
2017-03-02,20.8800
2017-03-03,20.8200
2017-03-06,20.9500
2017-03-07,20.8800
2017-03-08,20.8800
2017-03-09,20.9100
2017-03-10,20.9000
2017-03-14,21.2500
2017-03-15,21.3000
2017-03-16,21.5000
2017-03-17,21.4700
2017-03-20,21.4700
2017-03-21,21.6600
2017-03-22,21.4800
2017-03-23,21.6100
2017-03-24,21.6500
2017-03-27,21.5800
2017-03-28,21.7100
2017-03-29,21.8000
2017-03-30,21.8700
2017-03-31,21.8600
2017-04-03,22.0000
2017-04-05,22.0900
2017-04-06,22.1100
2017-04-07,22.0600
2017-04-10,22.1400
2017-04-11,22.2900
2017-04-12,22.2300
2017-04-13,22.2100
2017-04-17,22.1600
2017-04-18,22.0500
2017-04-19,22.0800
2017-04-20,22.2300
2017-04-21,22.2100
2017-04-24,22.4600
2017-04-25,22.6500
2017-04-26,22.7900
2017-04-27,22.7600
2017-04-28,22.7500
2017-05-02,22.8200
2017-05-03,22.7900
2017-05-04,22.8400
2017-05-05,22.6900
2017-05-08,22.7100
2017-05-09,22.6900
2017-05-10,22.9300
2017-05-11,22.9800
2017-05-12,22.8700
2017-05-15,23.0800
2017-05-16,23.1600
2017-05-17,23.0900
2017-05-18,22.7900
2017-05-19,22.7200
2017-05-22,22.6900
2017-05-23,22.5900
2017-05-24,22.5500
2017-05-25,22.8900
2017-05-26,23.0900
2017-05-29,23.1700
2017-05-30,23.2000
2017-05-31,23.3300
2017-06-01,23.3700
2017-06-02,23.5100
2017-06-05,23.5700
2017-06-06,23.4700
2017-06-07,23.6000
2017-06-08,23.6000
2017-06-09,23.7100
2017-06-12,23.5600
2017-06-13,23.5700
2017-06-14,23.5300
2017-06-15,23.4600
2017-06-16,23.5700
2017-06-19,23.7200
2017-06-20,23.6800
2017-06-21,23.6900
2017-06-22,23.6800
2017-06-23,23.4900
2017-06-27,23.3600
2017-06-28,23.3500
2017-06-29,23.2900
2017-06-30,23.3600
2017-07-03,23.5800
2017-07-04,23.5700
2017-07-05,23.6300
2017-07-06,23.7700
2017-07-07,23.7000
2017-07-10,23.8500
2017-07-11,23.8400
2017-07-12,23.9100
2017-07-13,24.1200
2017-07-14,24.1000
2017-07-17,24.1500
2017-07-18,24.0000
2017-07-19,24.1900
2017-07-20,24.1300
2017-07-21,24.2400
2017-07-24,24.3000
2017-07-25,24.2900
2017-07-26,24.3600
2017-07-27,24.5300
2017-07-28,24.6000
2017-07-31,24.7800
2017-08-01,24.9100
2017-08-02,24.8100
2017-08-03,24.6500
2017-08-04,24.7600
2017-08-07,24.9000
2017-08-08,24.7100
2017-08-09,24.5600
2017-08-10,24.2800
2017-08-11,24.2000
2017-08-14,24.4900
2017-08-16,24.7700
2017-08-17,24.6700
2017-08-18,24.6100
2017-08-21,24.4500
2017-08-22,24.4700
2017-08-23,24.7200
2017-08-24,24.7300
2017-08-28,24.9400
2017-08-29,24.6600
2017-08-30,24.9100
2017-08-31,25.0000
2017-09-01,25.1700
2017-09-04,24.9700
2017-09-05,25.1600
2017-09-06,25.1900
2017-09-07,25.3400
2017-09-08,25.3800
2017-09-11,25.6800
2017-09-12,25.8100
2017-09-13,25.7400
2017-09-14,25.6600
2017-09-15,25.6300
2017-09-18,25.8200
2017-09-19,25.8400
2017-09-20,25.7700
2017-09-21,25.7000
2017-09-22,25.3000
2017-09-25,25.0100
2017-09-26,25.0600
2017-09-27,24.7300
2017-09-28,24.8800
2017-09-29,24.9900
2017-10-03,25.1200
2017-10-04,25.1900
2017-10-05,25.1800
2017-10-06,25.3900
2017-10-09,25.4100
2017-10-10,25.5300
2017-10-11,25.4800
2017-10-12,25.7600
2017-10-13,25.8800
2017-10-16,25.9100
2017-10-17,25.8800
2017-10-18,25.8400
2017-10-23,25.7500
2017-10-24,25.7800
2017-10-25,25.6700
2017-10-26,25.6600
2017-10-27,25.7200
2017-10-30,25.8900
2017-10-31,25.8300
2017-11-01,26.0600
2017-11-02,26.0200
2017-11-03,26.0300
2017-11-06,26.0100
2017-11-07,25.8200
2017-11-08,25.7200
2017-11-09,25.8200
2017-11-10,25.8300
2017-11-13,25.6700
2017-11-14,25.5900
2017-11-15,25.5200
2017-11-16,25.7600
2017-11-17,25.9400
2017-11-20,25.9400
2017-11-21,25.9600
2017-11-22,25.9800
2017-11-23,25.9100
2017-11-24,26.0000
2017-11-27,26.0600
2017-11-28,26.1200
2017-11-29,26.0900
2017-11-30,25.8700
2017-12-01,25.7000
2017-12-04,25.6100
2017-12-05,25.5700
2017-12-06,25.4500
2017-12-07,25.8800
2017-12-08,26.1200
2017-12-11,26.2300
2017-12-12,26.0900
2017-12-13,25.9700
2017-12-14,26.0300
2017-12-15,26.2200
2017-12-18,26.4500
2017-12-19,26.7400
2017-12-20,26.6400
2017-12-21,26.6300
2017-12-22,26.7600
2017-12-26,26.8100
2017-12-27,26.7000
2017-12-28,26.6900
2017-12-29,26.8300
2018-01-01,26.6000
2018-01-02,26.5400
2018-01-03,26.5400
2018-01-04,26.6200
2018-01-05,26.8700
2018-01-08,26.9700
2018-01-09,26.8900
2018-01-10,26.8200
2018-01-11,26.8800
2018-01-12,26.9100
2018-01-15,27.0500
2018-01-16,26.8900
2018-01-17,26.9200
2018-01-18,26.9500
2018-01-19,27.0800
2018-01-22,27.1500
2018-01-23,27.2700
2018-01-24,27.2300
2018-01-25,27.1600
2018-01-29,27.4100
2018-01-30,27.2000
2018-01-31,27.1400
2018-02-01,27.2000
2018-02-02,26.4900
2018-02-05,26.1900
2018-02-06,25.9600
2018-02-07,25.9200
2018-02-08,26.2500
2018-02-09,26.0300
2018-02-12,26.3500
2018-02-14,26.3700
2018-02-15,26.3700
2018-02-16,26.2100
2018-02-19,26.0200
2018-02-20,26.0200
2018-02-21,26.0500
2018-02-22,25.9900
2018-02-23,26.3200
2018-02-26,26.6000
2018-02-27,26.5700
2018-02-28,26.4600
2018-03-01,26.3500
2018-03-05,26.1800
2018-03-06,25.9400
2018-03-07,25.7500
2018-03-08,25.8900
2018-03-09,25.9700
2018-03-12,26.2800
2018-03-13,26.3300
2018-03-14,26.3300
2018-03-15,26.3200
2018-03-16,25.9900
2018-03-19,25.7600
2018-03-20,25.8900
2018-03-21,26.0000
2018-03-22,25.9000
2018-03-23,25.6700
2018-03-26,26.0500
2018-03-27,26.2500
2018-03-28,26.1900
2018-04-02,26.6100
2018-04-03,26.7000
2018-04-04,26.4800
2018-04-05,27.0000
2018-04-06,27.1000
2018-04-09,27.2600
2018-04-10,27.2100
2018-04-11,27.2900
2018-04-12,27.4100
2018-04-13,27.4500
2018-04-16,27.6500
2018-04-17,27.6700
2018-04-18,27.5400
2018-04-19,27.5800
2018-04-20,27.5600
2018-04-23,27.6500
2018-04-24,27.6700
2018-04-25,27.6200
2018-04-26,27.7100
2018-04-27,27.7200
2018-04-30,27.9500
2018-05-02,27.9700
2018-05-03,27.7800
2018-05-04,27.7200
2018-05-07,27.8800
2018-05-08,27.7900
2018-05-09,27.7600
2018-05-10,27.7100
2018-05-11,27.9300
2018-05-14,27.8800
2018-05-15,27.9800
2018-05-16,28.0200
2018-05-17,28.0500
2018-05-18,28.0400
2018-05-21,27.7300
2018-05-22,27.8700
2018-05-23,27.6600
2018-05-24,27.8200
2018-05-25,28.1900
2018-05-28,28.2900
2018-05-29,28.2200
2018-05-30,28.2600
2018-05-31,28.5800
2018-06-01,28.3900
2018-06-04,28.1500
2018-06-05,28.0900
2018-06-06,28.3500
2018-06-07,28.5000
2018-06-08,28.5000
2018-06-11,28.5900
2018-06-12,28.7500
2018-06-13,28.7900
2018-06-14,28.8200
2018-06-15,28.9100
2018-06-18,28.7600
2018-06-19,28.5600
2018-06-20,28.7300
2018-06-21,28.6200
2018-06-22,28.8500
2018-06-25,28.8600
2018-06-26,28.8900
2018-06-27,28.7700
2018-06-28,28.6300
2018-06-29,28.8700
2018-07-02,28.8600
2018-07-03,29.0200
2018-07-04,29.2500
2018-07-05,29.2500
2018-07-06,29.3200
2018-07-09,29.5000
2018-07-10,29.6600
2018-07-11,29.7100
2018-07-12,29.8300
2018-07-13,29.9800
2018-07-16,29.8400
2018-07-17,29.9000
2018-07-18,29.8900
2018-07-19,29.8100
2018-07-20,30.1200
2018-07-23,30.2500
2018-07-24,30.3600
2018-07-25,30.3500
2018-07-26,30.2700
2018-07-27,30.4000
2018-07-30,30.3600
2018-07-31,30.5600
2018-08-01,30.5700
2018-08-02,30.2500
2018-08-03,30.4200
2018-08-06,30.3400
2018-08-07,30.3900
2018-08-08,30.5400
2018-08-09,30.5600
2018-08-10,30.4500
2018-08-13,30.2900
2018-08-14,30.4800
2018-08-16,30.3300
2018-08-17,30.5300
2018-08-20,30.7000
2018-08-21,30.6600
2018-08-23,30.6900
2018-08-24,30.6700
2018-08-27,30.9300
2018-08-28,31.0600
2018-08-29,30.9800
2018-08-30,30.7800
2018-08-31,30.7300
2018-09-03,30.4200
2018-09-04,30.1800
2018-09-05,29.9700
2018-09-06,30.0400
2018-09-07,30.1900
2018-09-10,29.7400
2018-09-11,29.4500
2018-09-12,29.5600
2018-09-14,29.9200
2018-09-17,29.6000
2018-09-18,29.4700
2018-09-19,29.2200
2018-09-21,29.0000
2018-09-24,28.4600
2018-09-25,28.7600
2018-09-26,28.6500
2018-09-27,28.4500
2018-09-28,28.3600
2018-10-01,28.3300
2018-10-03,27.8400
2018-10-04,27.3000
2018-10-05,26.8400
2018-10-08,26.8700
2018-10-09,26.8400
2018-10-10,27.3900
2018-10-11,26.7300
2018-10-12,27.3600
2018-10-15,27.2900
2018-10-16,27.3900
2018-10-17,26.9800
2018-10-19,26.6600
2018-10-22,26.5000
2018-10-23,26.1900
2018-10-24,26.5000
2018-10-25,26.4200
2018-10-26,26.3400
2018-10-29,26.7000
2018-10-30,26.5700
2018-10-31,26.9300
2018-11-01,26.9600
2018-11-02,27.3900
2018-11-05,27.3700
2018-11-06,27.3400
2018-11-09,27.5100
2018-11-12,27.3100
2018-11-13,27.5100
2018-11-14,27.5300
2018-11-15,27.7700
2018-11-16,27.9500
2018-11-19,28.0400
2018-11-20,27.8900
2018-11-21,27.9100
2018-11-22,27.7400
2018-11-26,27.9500
2018-11-27,28.1500
2018-11-28,28.2700
2018-11-29,28.6300
2018-11-30,28.7700
2018-12-03,28.7700
2018-12-04,28.7500
2018-12-05,28.6200
2018-12-06,28.1900
2018-12-07,28.5900
2018-12-10,28.1300
2018-12-11,28.2600
2018-12-12,28.6400
2018-12-13,28.8800
2018-12-14,28.9100
2018-12-17,29.0400
2018-12-18,29.1600
2018-12-19,29.2800
2018-12-20,29.2000
2018-12-21,28.7700
2018-12-24,28.5500
2018-12-26,28.7000
2018-12-27,28.7600
2018-12-28,28.9800
2018-12-31,28.9900
2019-01-01,29.0600
2019-01-02,28.8900
2019-01-03,28.7300
2019-01-04,28.7200
2019-01-07,28.7500
2019-01-08,28.7100
2019-01-09,28.7900
2019-01-10,28.7700
2019-01-11,28.6500
2019-01-14,28.4800
2019-01-15,28.7900
2019-01-16,28.7300
2019-01-17,28.7500
2019-01-18,28.7900
2019-01-21,28.9200
2019-01-22,28.9100
2019-01-23,28.7900
2019-01-24,28.7900
2019-01-25,28.6400
2019-01-28,28.3700
2019-01-29,28.4300
2019-01-30,28.4500
2019-01-31,28.7400
2019-02-01,28.9900
2019-02-04,29.1000
2019-02-05,29.1900
2019-02-06,29.5200
2019-02-07,29.5700
2019-02-08,29.4200
2019-02-11,29.2900
2019-02-12,29.1600
2019-02-13,29.0900
2019-02-14,28.9600
2019-02-15,28.8300
2019-02-18,28.6000
2019-02-19,28.4900
2019-02-20,28.7300
2019-02-21,28.8500
2019-02-22,28.7800
2019-02-25,29.0500
2019-02-26,28.9900
2019-02-27,28.8600
2019-02-28,28.7700
2019-03-01,28.8700
2019-03-05,29.0300
2019-03-06,29.1900
2019-03-07,29.1100
2019-03-08,29.1000
2019-03-11,29.3400
2019-03-12,29.5700
2019-03-13,29.7400
2019-03-14,29.6900
2019-03-15,29.9700
2019-03-18,30.0200
2019-03-19,30.0900
2019-03-20,30.0600
2019-03-22,29.9800
2019-03-25,29.7500
2019-03-26,30.0900
2019-03-27,30.0100
2019-03-28,30.2900
2019-03-29,30.4200
2019-04-01,30.5300
2019-04-02,30.6500
2019-04-03,30.6100
2019-04-04,30.4600
2019-04-05,30.7000
2019-04-08,30.6000
2019-04-09,30.6300
2019-04-10,30.4700
2019-04-11,30.4400
2019-04-12,30.4700
2019-04-15,30.6000
2019-04-16,30.8400
2019-04-18,30.7200
2019-04-22,30.4400
2019-04-23,30.3800
2019-04-24,30.8100
2019-04-25,30.6500
2019-04-26,30.8900
2019-04-30,31.0000
2019-05-02,30.9400
2019-05-03,30.8300
2019-05-06,30.5300
2019-05-07,30.3900
2019-05-08,30.0800
2019-05-09,30.0400
2019-05-10,30.0000
2019-05-13,29.8500
2019-05-14,29.8000
2019-05-15,29.8900
2019-05-16,30.2100
2019-05-17,30.6700
2019-05-20,31.6600
2019-05-21,31.4000
2019-05-22,31.5000
2019-05-23,31.3400
2019-05-24,31.7500
2019-05-27,31.8500
2019-05-28,31.8400
2019-05-29,31.7600
2019-05-30,32.0600
2019-05-31,32.1100
2019-06-03,32.5000
2019-06-04,32.3200
2019-06-06,31.9900
2019-06-07,32.0500
2019-06-10,32.1800
2019-06-11,32.2700
2019-06-12,32.1300
2019-06-13,32.2100
2019-06-14,32.0400
2019-06-17,31.7800
2019-06-18,31.9100
2019-06-19,32.0100
2019-06-20,32.3800
2019-06-21,32.0700
2019-06-24,32.0600
2019-06-25,32.1900
2019-06-26,32.3500
2019-06-27,32.3700
2019-06-28,32.3400
2019-07-01,32.5000
2019-07-02,32.6200
2019-07-03,32.6000
2019-07-04,32.6600
2019-07-05,32.3800
2019-07-08,31.6500
2019-07-09,31.5700
2019-07-10,31.3900
2019-07-11,31.5300
2019-07-12,31.4700
2019-07-15,31.6600
2019-07-16,31.8400
2019-07-17,31.9400
2019-07-18,31.7900
2019-07-19,31.3500
2019-07-22,31.0000
2019-07-23,31.0200
2019-07-24,30.9300
2019-07-25,30.8800
2019-07-26,31.2300
2019-07-29,31.1700
2019-07-30,31.1300
2019-07-31,31.2000
2019-08-01,30.8800
2019-08-02,31.0300
2019-08-05,30.8000
2019-08-06,31.1300
2019-08-07,30.9900
2019-08-08,31.3400
2019-08-09,31.7200
2019-08-13,31.0800
2019-08-14,31.3200
2019-08-16,31.3600
2019-08-19,31.3800
2019-08-20,31.3200
2019-08-21,31.2300
2019-08-22,30.7900
2019-08-23,30.8900
2019-08-26,31.5700
2019-08-27,31.5800
2019-08-28,31.5000
2019-08-29,31.2800
2019-08-30,31.4500
2019-09-03,30.8900
2019-09-04,30.9600
2019-09-05,30.8700
2019-09-06,31.1200
2019-09-09,31.3400
2019-09-11,31.3400
2019-09-12,31.2600
2019-09-13,31.5100
2019-09-16,31.4200
2019-09-17,31.0800
2019-09-18,31.2000
2019-09-19,30.9000
2019-09-20,32.5600
2019-09-23,33.8200
2019-09-24,33.6500
2019-09-25,33.4100
2019-09-26,33.7500
2019-09-27,33.7700
2019-09-30,33.6700
2019-10-01,33.4700
2019-10-03,33.2500
2019-10-04,32.8500
2019-10-07,32.7400
2019-10-09,33.2200
2019-10-10,33.0600
2019-10-11,33.4000
2019-10-14,33.2800
2019-10-15,33.4600
2019-10-16,33.6100
2019-10-17,33.8800
2019-10-18,34.0100
2019-10-22,33.5800
2019-10-23,33.6200
2019-10-24,33.6400
2019-10-25,33.6200
2019-10-29,34.0400
2019-10-30,34.0900
2019-10-31,34.1100
2019-11-01,34.0600
2019-11-04,34.2000
2019-11-05,34.1800
2019-11-06,34.2800
2019-11-07,34.4100
2019-11-08,34.2000
2019-11-11,34.1900
2019-11-13,34.1400
2019-11-14,34.2700
2019-11-15,34.2600
2019-11-18,34.0900
2019-11-19,34.0900
2019-11-20,34.1200
2019-11-21,34.1100
2019-11-22,33.9000
2019-11-25,34.2600
2019-11-26,34.2000
2019-11-27,34.4000
2019-11-28,34.5000
2019-11-29,34.2800
2019-12-02,34.2400
2019-12-03,34.2400
2019-12-04,34.3300
2019-12-05,34.3100
2019-12-06,34.1600
2019-12-09,34.1500
2019-12-10,34.0600
2019-12-11,34.2200
2019-12-12,34.3600
2019-12-13,34.4900
2019-12-16,34.4100
2019-12-17,34.7500
2019-12-18,34.9200
2019-12-19,35.0500
2019-12-20,35.0700
2019-12-23,35.0600
2019-12-24,34.9400
2019-12-26,34.8300
2019-12-27,35.0600
2019-12-30,35.0100
2019-12-31,34.7800
2020-01-01,34.7600
2020-01-02,34.8800
2020-01-03,34.7400
2020-01-06,34.1600
2020-01-07,34.3100
2020-01-08,34.3100
2020-01-09,34.7800
2020-01-10,34.9000
2020-01-13,35.1200
2020-01-14,35.2300
2020-01-15,35.2300
2020-01-16,35.3700
2020-01-17,35.4600
2020-01-20,35.0700
2020-01-21,34.9100
2020-01-22,34.7500
2020-01-23,34.9000
2020-01-24,35.1600
2020-01-27,34.9100
2020-01-28,34.8100
2020-01-29,35.1200
2020-01-30,34.9900
2020-01-31,35.0200
2020-02-03,34.8300
2020-02-04,35.5200
2020-02-05,35.7400
2020-02-06,35.8600
2020-02-07,35.7900
2020-02-10,36.0200
2020-02-11,36.1300
2020-02-12,36.5400
2020-02-13,36.5200
2020-02-14,36.3200
2020-02-17,36.1800
2020-02-18,36.0800
2020-02-19,36.4800
2020-02-20,36.3400
2020-02-24,35.7700
2020-02-25,35.7300
2020-02-26,35.5300
2020-02-27,35.4500
2020-02-28,34.4400
2020-03-02,34.2700
2020-03-03,34.6100
2020-03-04,34.4300
2020-03-05,34.6500
2020-03-06,34.1700
2020-03-09,33.0500
2020-03-11,33.1000
2020-03-12,31.2100
2020-03-13,31.9700
2020-03-16,30.2300
2020-03-17,29.5700
2020-03-18,27.9400
2020-03-19,27.3600
2020-03-20,28.5900
2020-03-23,25.5400
2020-03-24,26.2300
2020-03-25,27.6500
2020-03-26,28.7000
2020-03-27,28.5900
2020-03-30,27.6300
2020-03-31,28.3000
2020-04-01,27.2900
2020-04-03,26.6800
2020-04-07,28.5300
2020-04-08,28.5100
2020-04-09,29.5100
2020-04-13,29.0100
2020-04-15,28.7800
2020-04-16,28.8500
2020-04-17,29.4000
2020-04-20,29.4100
2020-04-21,28.8000
2020-04-22,29.3300
2020-04-23,29.7200
2020-04-24,29.2400
2020-04-27,29.6600
2020-04-28,29.8100
2020-04-29,30.1300
2020-04-30,30.7100
2020-05-04,29.3300
2020-05-05,28.9500
2020-05-06,29.1400
2020-05-07,28.8500
2020-05-08,29.1700
2020-05-11,29.1300
2020-05-12,29.0200
2020-05-13,29.3100
2020-05-14,28.7800
2020-05-15,28.8100
2020-05-18,28.1600
2020-05-19,28.3900
2020-05-20,28.8700
2020-05-21,28.9400
2020-05-22,28.7900
2020-05-26,28.5300
2020-05-27,29.0000
2020-05-28,29.3900
2020-05-29,29.5400
2020-06-01,30.1300
2020-06-02,30.5600
2020-06-03,30.7600
2020-06-04,30.7000
2020-06-05,30.9600
2020-06-08,30.9900
2020-06-09,30.6000
2020-06-10,30.7300
2020-06-11,30.2500
2020-06-12,30.4200
2020-06-15,30.0300
2020-06-16,30.3100
2020-06-17,30.2400
2020-06-18,30.6300
2020-06-19,31.0300
2020-06-22,31.2600
2020-06-23,31.7400
2020-06-24,31.2900
2020-06-25,31.2800
2020-06-26,31.4200
2020-06-29,31.3300
2020-06-30,31.3300
2020-07-01,31.4700
2020-07-02,31.6700
2020-07-03,31.7900
2020-07-06,32.1900
2020-07-07,32.5300
2020-07-08,32.1300
2020-07-09,32.4200
2020-07-10,32.3700
2020-07-13,32.3300
2020-07-14,31.9000
2020-07-15,31.8900
2020-07-16,32.2700
2020-07-17,32.6200
2020-07-20,33.0600
2020-07-21,33.2100
2020-07-22,33.0200
2020-07-23,33.2200
2020-07-24,33.0900
2020-07-27,32.9600
2020-07-28,33.3600
2020-07-29,33.1700
2020-07-30,33.0600
2020-07-31,33.0400
2020-08-03,32.6300
2020-08-04,33.1500
2020-08-05,33.1400
2020-08-06,33.5000
2020-08-07,33.6000
2020-08-10,33.7600
2020-08-11,33.7500
2020-08-12,33.6200
2020-08-13,33.5900
2020-08-14,33.2600
2020-08-17,33.3800
2020-08-18,33.8500
2020-08-19,33.8900
2020-08-20,33.6700
2020-08-21,33.8100
2020-08-24,34.1000
2020-08-25,34.2600
2020-08-26,34.3800
2020-08-27,34.3200
2020-08-28,34.3800
2020-08-31,33.6100
2020-09-01,34.0400
2020-09-02,34.1600
2020-09-03,34.2100
2020-09-04,33.7900
2020-09-07,33.8100
2020-09-08,33.6900
2020-09-09,33.6000
2020-09-10,33.9700
2020-09-11,34.0600
2020-09-14,33.8800
2020-09-15,34.1100
2020-09-16,34.3900
2020-09-17,34.1800
2020-09-18,34.2400
2020-09-21,33.5100
2020-09-22,33.3300
2020-09-23,33.2200
2020-09-24,32.3300
2020-09-25,33.0500
2020-09-28,33.4400
2020-09-29,33.4600
2020-09-30,33.6400
2020-10-01,34.1100
2020-10-05,34.3400
2020-10-06,34.6700
2020-10-07,34.8300
2020-10-08,35.2300
2020-10-09,35.3200
2020-10-12,35.3400
2020-10-13,35.2700
2020-10-14,35.3600
2020-10-15,34.5600
2020-10-16,34.8400
2020-10-19,35.1100
2020-10-20,35.2600
2020-10-21,35.2400
2020-10-22,35.1400
2020-10-23,35.2500
2020-10-26,34.9800
2020-10-27,35.6400
2020-10-28,35.2500
2020-10-29,35.2600
2020-10-30,35.0300
2020-11-02,35.1400
2020-11-03,35.4900
2020-11-04,35.9300
2020-11-05,36.4700
2020-11-06,36.7900
2020-11-09,37.3900
2020-11-10,37.6800
2020-11-11,38.0700
2020-11-12,37.9200
2020-11-13,38.0600
2020-11-17,38.5300
2020-11-18,38.6000
2020-11-19,38.1200
2020-11-20,38.5700
2020-11-23,38.8500
2020-11-24,39.1300
2020-11-25,38.4400
2020-11-26,38.8700
2020-11-27,38.8700
2020-12-01,39.2300
2020-12-02,39.1800
2020-12-03,39.2600
2020-12-04,39.5500
2020-12-07,39.7200
2020-12-08,39.9300
2020-12-09,40.2900
2020-12-10,40.1900
2020-12-11,40.3200
2020-12-14,40.4400
2020-12-15,40.5500
2020-12-16,40.8800
2020-12-17,41.1100
2020-12-18,41.2600
2020-12-21,40.2600
2020-12-22,40.5700
2020-12-23,41.0500
2020-12-24,41.4300
2020-12-28,41.7400
2020-12-29,41.8200
2020-12-30,42.0800
2020-12-31,42.1500
2021-01-01,42.2100
2021-01-04,42.5100
2021-01-05,42.7300
2021-01-06,42.5400
2021-01-07,42.3700
2021-01-08,43.0300
2021-01-11,43.4100
2021-01-12,43.4100
2021-01-13,43.1000
2021-01-14,43.1200
2021-01-15,42.6000
2021-01-18,42.0100
2021-01-19,42.7300
2021-01-20,43.0200
2021-01-21,42.9100
2021-01-22,42.4700
2021-01-25,42.1100
2021-01-27,41.3500
2021-01-28,40.8100
2021-01-29,40.1000
2021-02-01,41.8400
2021-02-02,42.8200
2021-02-03,43.1500
2021-02-04,43.5300
2021-02-05,43.6400
2021-02-08,44.0400
2021-02-09,43.9600
2021-02-10,44.0800
2021-02-11,44.2300
2021-02-12,44.3000
2021-02-15,44.9000
2021-02-16,44.9200
2021-02-17,44.5500
2021-02-18,44.0500
2021-02-19,43.6700
2021-02-22,42.9000
2021-02-23,42.9300
2021-02-24,43.6300
2021-02-25,43.6000
2021-02-26,42.1000
2021-03-01,42.6300
2021-03-02,43.2100
2021-03-03,44.1500
2021-03-04,43.8700
2021-03-05,43.5900
2021-03-08,43.3400
2021-03-09,43.7900
2021-03-10,44.0300
2021-03-12,43.6800
2021-03-15,43.3500
2021-03-16,43.3500
2021-03-17,42.8600
2021-03-18,42.3500
2021-03-19,42.7100
2021-03-22,42.6400
2021-03-23,42.9700
2021-03-24,42.3200
2021-03-25,41.6700
2021-03-26,42.1900
2021-03-30,43.0600
2021-03-31,42.6500
2021-04-01,43.1200
2021-04-05,42.4800
2021-04-06,42.6600
2021-04-07,43.1100
2021-04-08,43.2900
2021-04-09,43.1800
2021-04-12,41.7500
2021-04-13,42.1300
2021-04-15,42.3800
2021-04-16,42.4800
2021-04-19,41.7800
2021-04-20,41.6000
2021-04-22,41.8400
2021-04-23,41.6200
2021-04-26,42.0500
2021-04-27,42.5000
2021-04-28,43.3800
2021-04-29,43.4800
2021-04-30,42.7100
2021-05-03,42.8400
2021-05-04,42.4900
2021-05-05,42.8000
2021-05-06,43.1000
2021-05-07,43.2800
2021-05-10,43.6000
2021-05-11,43.2500
2021-05-12,42.8200
2021-05-14,42.6600
2021-05-17,43.3500
2021-05-18,44.0400
2021-05-19,43.8200
2021-05-20,43.5200
2021-05-21,44.2600
2021-05-24,44.2500
2021-05-25,44.3700
2021-05-26,44.6800
2021-05-27,44.6800
2021-05-28,44.7300
2021-05-31,45.2200
2021-06-01,45.1800
2021-06-02,45.3100
2021-06-03,45.6800
2021-06-04,45.6300
2021-06-07,45.6300
2021-06-08,45.6000
2021-06-09,45.3500
2021-06-10,45.8900
2021-06-11,46.0300
2021-06-14,46.2200
2021-06-15,46.4200
2021-06-16,46.1600
2021-06-17,46.0700
2021-06-18,46.0700
2021-06-21,46.2000
2021-06-22,46.3000
2021-06-23,46.0200
2021-06-24,46.4200
2021-06-25,46.5600
2021-06-28,46.4400
2021-06-29,46.2900
2021-06-30,46.3200
2021-07-01,46.1900
2021-07-02,46.3400
2021-07-05,46.6800
2021-07-06,46.7300
2021-07-07,46.8900
2021-07-08,46.5000
2021-07-09,46.4300
2021-07-12,46.4200
2021-07-13,46.6900
2021-07-14,46.7800
2021-07-15,46.8800
2021-07-16,46.9200
2021-07-19,46.4700
2021-07-20,46.3300
2021-07-22,46.8800
2021-07-23,47.0100
2021-07-26,47.0500
2021-07-27,46.9200
2021-07-28,46.9000
2021-07-29,47.1300
2021-07-30,46.9100
2021-08-02,47.2000
2021-08-03,47.9000
2021-08-04,48.2400
2021-08-05,48.1900
2021-08-06,47.9700
2021-08-09,48.0000
2021-08-10,48.0900
2021-08-11,48.0000
2021-08-12,48.1800
2021-08-13,48.5800
2021-08-16,48.6800
2021-08-17,48.9600
2021-08-18,48.9500
2021-08-20,48.7600
2021-08-23,48.9500
2021-08-24,49.3400
2021-08-25,49.4500
2021-08-26,49.5200
2021-08-27,49.7100
2021-08-30,50.4200
2021-08-31,51.2400
2021-09-01,51.1000
2021-09-02,51.5700
2021-09-03,51.7500
2021-09-06,51.8100
2021-09-07,51.7400
2021-09-08,51.6700
2021-09-09,51.7000
2021-09-13,51.7300
2021-09-14,51.7600
2021-09-15,52.1200
2021-09-16,52.3100
2021-09-17,52.2900
2021-09-20,51.9600
2021-09-21,52.5000
2021-09-22,52.3700
2021-09-23,53.0400
2021-09-24,53.0900
2021-09-27,53.0400
2021-09-28,52.3600
2021-09-29,52.0900
2021-09-30,51.9200
2021-10-01,51.5800
2021-10-04,52.1700
2021-10-05,52.4100
2021-10-06,51.9900
2021-10-07,52.4900
2021-10-08,52.7300
2021-10-11,52.9900
2021-10-12,53.1400
2021-10-13,53.8400
2021-10-14,54.3400
2021-10-18,54.3000
2021-10-19,53.9900
2021-10-20,53.4500
2021-10-21,53.1600
2021-10-22,52.9600
2021-10-25,52.9300
2021-10-26,53.5000
2021-10-27,53.5700
2021-10-28,52.7500
2021-10-29,52.3600
2021-11-01,52.9000
2021-11-02,52.9200
2021-11-03,52.8500
2021-11-08,53.4700
2021-11-09,53.3800
2021-11-10,53.4100
2021-11-11,53.0800
2021-11-12,53.8100
2021-11-15,53.7800
2021-11-16,53.6200
2021-11-17,53.3700
2021-11-18,53.0200
2021-11-22,51.7500
2021-11-23,51.9200
2021-11-24,51.7500
2021-11-25,51.9900
2021-11-26,50.5400
2021-11-29,50.7000
2021-11-30,50.6900
2021-12-01,50.9600
2021-12-02,51.5700
2021-12-03,51.0900
2021-12-06,50.1200
2021-12-07,50.8500
2021-12-08,51.7800
2021-12-09,51.8400
2021-12-10,51.8400
2021-12-13,51.3700
2021-12-14,51.2600
2021-12-15,50.8200
2021-12-16,51.0300
2021-12-17,50.4100
2021-12-20,49.3600
2021-12-21,49.7100
2021-12-22,50.3700
2021-12-23,50.6500
2021-12-24,50.4400
2021-12-27,50.7100
2021-12-28,51.1000
2021-12-29,51.0700
2021-12-30,51.0000
2021-12-31,51.4700
2022-01-03,52.2700
2022-01-04,52.7200
2022-01-05,53.0800
2022-01-06,52.7500
2022-01-07,52.9400
2022-01-10,53.2400
2022-01-11,53.2700
2022-01-12,53.3400
2022-01-13,53.3100
2022-01-14,53.4900
2022-01-17,53.7200
2022-01-18,53.2600
2022-01-19,52.6000
2022-01-20,52.1500
2022-01-21,51.4500
2022-01-24,49.8400
2022-01-25,49.9500
2022-01-27,49.2600
2022-01-28,49.2900
2022-01-31,50.0000
2022-02-01,50.8000
2022-02-02,51.3700
2022-02-03,50.7500
2022-02-04,50.6600
2022-02-07,49.7500
2022-02-08,49.8100
2022-02-09,50.3400
2022-02-10,50.7700
2022-02-11,49.9900
2022-02-14,48.6800
2022-02-15,50.0800
2022-02-16,49.9000
2022-02-17,49.7900
2022-02-18,49.5100
2022-02-21,49.4300
2022-02-22,49.2600
2022-02-23,49.3000
2022-02-24,47.1400
2022-02-25,48.4400
2022-02-28,48.8700
2022-03-02,48.1400
2022-03-03,47.7600
2022-03-04,46.9600
2022-03-07,45.7900
2022-03-08,46.3900
2022-03-09,47.2500
2022-03-10,47.8500
2022-03-11,47.9200
2022-03-14,48.5100
2022-03-15,48.2200
2022-03-16,48.9500
2022-03-17,49.6600
2022-03-21,49.1100
2022-03-22,49.5600
2022-03-23,49.4300
2022-03-24,49.2000
2022-03-25,48.9700
2022-03-28,49.1300
2022-03-29,49.4500
2022-03-30,50.0200
2022-03-31,49.9300
2022-04-01,50.4200
2022-04-04,51.2700
2022-04-05,50.9600
2022-04-06,50.5400
2022-04-07,50.1800
2022-04-08,50.4900
2022-04-11,50.2300
2022-04-12,49.8100
2022-04-13,49.6600
2022-04-18,48.6800
2022-04-19,48.0900
2022-04-20,48.3400
2022-04-21,48.9600
2022-04-22,48.4800
2022-04-25,47.9800
2022-04-26,48.6300
2022-04-27,47.8500
2022-04-28,48.3100
2022-04-29,48.0200
2022-05-02,47.8900
2022-05-04,46.7300
2022-05-05,46.8300
2022-05-06,45.6000
2022-05-09,45.3600
2022-05-10,45.1700
2022-05-11,44.8600
2022-05-12,44.0100
2022-05-13,43.8800
2022-05-16,44.3100
2022-05-17,45.2500
2022-05-18,45.2000
2022-05-19,44.0700
2022-05-20,44.8900
2022-05-23,44.7900
2022-05-24,44.6400
2022-05-25,44.2700
2022-05-26,44.6400
2022-05-27,45.2400
2022-05-30,46.1100
2022-05-31,46.1500
2022-06-01,45.8200
2022-06-02,46.0300
2022-06-03,45.8400
2022-06-06,45.6900
2022-06-07,45.2000
2022-06-08,45.1700
2022-06-09,45.4500
2022-06-10,44.6900
2022-06-13,43.5100
2022-06-14,43.4900
2022-06-15,43.5800
2022-06-16,42.8900
2022-06-17,42.5900
2022-06-20,42.8700
2022-06-21,43.5000
2022-06-22,43.0600
2022-06-23,43.4500
2022-06-24,43.8100
2022-06-27,44.0500
2022-06-28,43.9700
2022-06-29,43.7400
2022-06-30,43.6500
2022-07-01,43.8000
2022-07-04,44.0400
2022-07-05,44.0700
2022-07-06,44.7900
2022-07-07,45.1200
2022-07-08,45.3900
2022-07-11,45.3300
2022-07-12,44.8900
2022-07-13,44.7500
2022-07-14,44.7200
2022-07-15,45.0300
2022-07-18,45.6800
2022-07-19,45.8000
2022-07-20,46.0700
2022-07-21,46.4800
2022-07-22,46.6200
2022-07-25,46.4800
2022-07-26,46.0900
2022-07-27,46.5500
2022-07-28,47.7600
2022-07-29,48.3100
2022-08-01,48.7200
2022-08-02,48.7800
2022-08-03,48.8400
2022-08-04,48.9300
2022-08-05,49.0700
2022-08-08,49.3600
2022-08-10,49.2300
2022-08-11,49.6700
2022-08-12,49.6500
2022-08-16,49.9600
2022-08-17,50.3200
2022-08-18,50.4200
2022-08-19,49.8900
2022-08-22,49.0300
2022-08-23,49.2400
2022-08-24,49.3500
2022-08-25,49.1500
2022-08-26,49.3000
2022-08-29,48.7200
2022-08-30,49.9600
2022-09-01,49.6600
2022-09-02,49.7000
2022-09-05,49.8600
2022-09-06,49.7000
2022-09-07,49.5800
2022-09-08,50.0400
2022-09-09,50.0200
2022-09-12,50.3300
2022-09-13,50.7200
2022-09-14,50.5900
2022-09-15,50.3300
2022-09-16,49.2900
2022-09-19,49.6000
2022-09-20,50.0700
2022-09-21,49.8100
2022-09-22,49.7700
2022-09-23,48.9500
2022-09-26,48.2600
2022-09-27,48.1300
2022-09-28,47.9800
2022-09-29,47.6800
2022-09-30,48.4900
2022-10-03,48.0000
2022-10-04,48.9700
2022-10-06,48.9900
2022-10-07,48.9700
2022-10-10,48.7700
2022-10-11,48.1100
2022-10-12,48.3600
2022-10-13,48.0100
2022-10-14,48.5000
2022-10-17,48.7400
2022-10-18,49.0900
2022-10-19,49.0800
2022-10-20,49.2000
2022-10-21,49.0400
2022-10-25,49.2300
2022-10-27,49.2400
2022-10-28,49.3200
2022-10-31,49.9300
2022-11-01,50.2400
2022-11-02,50.0100
2022-11-03,49.9300
2022-11-04,50.0200
2022-11-07,50.1000
2022-11-09,49.9000
2022-11-10,49.5400
2022-11-11,50.2000
2022-11-14,50.1800
2022-11-15,50.3000
2022-11-16,50.2800
2022-11-17,50.0300
2022-11-18,49.8600
2022-11-21,49.4800
2022-11-22,49.6900
2022-11-23,49.8000
2022-11-24,50.2500
2022-11-25,50.1500
2022-11-28,50.2400
2022-11-29,50.3900
2022-11-30,50.7100
2022-12-01,50.8600
2022-12-02,50.4900
2022-12-05,50.5100
2022-12-06,50.4000
2022-12-07,50.2500
2022-12-08,50.2800
2022-12-09,50.0100
2022-12-12,49.9800
2022-12-13,50.3000
2022-12-14,50.4700
2022-12-15,49.9200
2022-12-16,49.3900
2022-12-19,49.7800
2022-12-20,49.6800
2022-12-21,49.1800
2022-12-22,48.9900
2022-12-23,48.3000
2022-12-26,48.8700
2022-12-27,49.1400
2022-12-28,49.0800
2022-12-29,49.3600
2022-12-30,49.0900
2023-01-02,49.2100
2023-01-03,49.3100
2023-01-04,48.8300
2023-01-05,48.2600
2023-01-06,47.8500
2023-01-09,48.3100
2023-01-10,47.8700
2023-01-11,47.8800
2023-01-12,47.9300
2023-01-13,48.1500
2023-01-16,47.8900
2023-01-17,48.1600
2023-01-18,48.3600
2023-01-19,48.1400
2023-01-20,47.8500
2023-01-23,47.9700
2023-01-24,48.0700
2023-01-25,47.5500
2023-01-27,47.0100
2023-01-30,47.3100
2023-01-31,47.2100
2023-02-01,47.3600
2023-02-02,47.3700
2023-02-03,48.0500
2023-02-06,47.8500
2023-02-07,47.8500
2023-02-08,48.2300
2023-02-09,48.4000
2023-02-10,48.3700
2023-02-13,48.0800
2023-02-14,48.3800
2023-02-15,48.6500
2023-02-16,48.6700
2023-02-17,48.4300
2023-02-20,48.2200
2023-02-21,48.1700
2023-02-22,47.4900
2023-02-23,47.3100
2023-02-24,47.2700
2023-02-27,47.1300
2023-02-28,46.9300
2023-03-01,47.1800
2023-03-02,46.8500
2023-03-03,47.3100
2023-03-06,47.5300
2023-03-08,47.4600
2023-03-09,47.0800
2023-03-10,46.6600
2023-03-13,46.0800
2023-03-14,45.8400
2023-03-15,45.7100
2023-03-16,45.8100
2023-03-17,46.0600
2023-03-20,45.8200
2023-03-21,46.1100
2023-03-22,46.3000
2023-03-23,46.1600
2023-03-24,45.8600
2023-03-27,45.8500
2023-03-28,45.8000
2023-03-29,46.0500
2023-03-31,46.7000
2023-04-03,46.9600
2023-04-05,47.4100
2023-04-06,47.5000
2023-04-10,47.4300
2023-04-11,47.6200
2023-04-12,47.8300
2023-04-13,47.8500
2023-04-17,47.5400
2023-04-18,47.4400
2023-04-19,47.3100
2023-04-20,47.3200
2023-04-21,47.2900
2023-04-24,47.5200
2023-04-25,47.6200
2023-04-26,47.7000
2023-04-27,48.0500
2023-04-28,48.4000
2023-05-02,48.5000
2023-05-03,48.4400
2023-05-04,48.9100
2023-05-05,48.6400
2023-05-08,49.2100
2023-05-09,49.1700
2023-05-10,49.3100
2023-05-11,49.3300
2023-05-12,49.4100
2023-05-15,49.4200
2023-05-16,49.2700
2023-05-17,48.8900
2023-05-18,48.8600
2023-05-19,49.0600
2023-05-22,49.2100
2023-05-23,49.2000
2023-05-24,49.0200
2023-05-25,49.1200
2023-05-26,49.6100
2023-05-29,49.8400
2023-05-30,49.8900
2023-05-31,49.7800
2023-06-01,49.7600
2023-06-02,49.9300
2023-06-05,50.0700
2023-06-06,50.1300
2023-06-07,50.3800
2023-06-08,50.0600
2023-06-09,50.0300
2023-06-12,50.1500
2023-06-13,50.4700
2023-06-14,50.5200
2023-06-15,50.5900
2023-06-16,51.0500
2023-06-19,50.9500
2023-06-20,50.9600
2023-06-21,50.9700
2023-06-22,50.5500
2023-06-23,50.2700
2023-06-26,50.4200
2023-06-27,50.7300
2023-06-28,51.1900
2023-06-30,51.6800
2023-07-03,51.9400
2023-07-04,52.3500
2023-07-05,52.3700
2023-07-06,52.6200
2023-07-07,52.2500
2023-07-10,52.1400
2023-07-11,52.3800
2023-07-12,52.2800
2023-07-13,52.4100
2023-07-14,52.7500
2023-07-17,52.9300
2023-07-18,52.9100
2023-07-19,53.2000
2023-07-20,53.4100
2023-07-21,52.9200
2023-07-24,52.8500
2023-07-25,52.8900
2023-07-26,52.9300
2023-07-27,52.6100
2023-07-28,52.6800
2023-07-31,52.8400
2023-08-01,52.7400
2023-08-02,52.3100
2023-08-03,51.7900
2023-08-04,52.0900
2023-08-07,52.2600
2023-08-08,52.1900
2023-08-09,52.2400
2023-08-10,52.0000
2023-08-11,51.6500
2023-08-14,51.5900
2023-08-16,51.6700
2023-08-17,51.4400
2023-08-18,51.2400
2023-08-21,51.5100
2023-08-22,51.5200
2023-08-23,51.6700
2023-08-24,51.6500
2023-08-25,51.4300
2023-08-28,51.6200
2023-08-29,51.8400
2023-08-30,51.9900
2023-08-31,51.7500
2023-09-01,52.1300
2023-09-04,52.2100
2023-09-05,52.3800
2023-09-06,52.5600
2023-09-07,52.7300
2023-09-08,53.0100
2023-09-11,53.3500
2023-09-12,53.3500
2023-09-13,53.4500
2023-09-14,53.6000
2023-09-15,53.8400
2023-09-18,53.7500
2023-09-20,53.2300
2023-09-21,52.7500
2023-09-22,52.5800
2023-09-25,52.7700
2023-09-26,52.7800
2023-09-27,52.8300
2023-09-29,52.6700
2023-10-03,52.6600
2023-10-04,52.4600
2023-10-05,52.8300
2023-10-06,53.2700
2023-10-09,52.8700
2023-10-10,53.2900
2023-10-11,53.6300
2023-10-12,53.5400
2023-10-13,53.6600
2023-10-16,53.4500
2023-10-17,53.5600
2023-10-18,53.1200
2023-10-19,53.0200
2023-10-20,52.8700
2023-10-23,52.2400
2023-10-25,51.9200
2023-10-26,51.0500
2023-10-27,51.5000
2023-10-30,51.7000
2023-10-31,51.5600
2023-11-01,51.4100
2023-11-02,51.7700
2023-11-03,52.0400
2023-11-06,52.5200
2023-11-07,52.4700
2023-11-08,52.6000
2023-11-09,52.5900
2023-11-10,52.6300
2023-11-13,52.6100
2023-11-15,53.0500
2023-11-16,53.3900
2023-11-17,53.3800
2023-11-20,53.1500
2023-11-21,53.3600
2023-11-22,53.4500
2023-11-23,53.3900
2023-11-24,53.2900
2023-11-28,53.6000
2023-11-29,54.0200
2023-11-30,54.2800
2023-12-01,54.5900
2023-12-04,55.5400
2023-12-05,55.8700
2023-12-06,56.2200
2023-12-07,56.1300
2023-12-08,56.2100
2023-12-11,56.3900
2023-12-12,56.1600
2023-12-13,56.2000
2023-12-14,57.0400
2023-12-15,57.5000
2023-12-18,57.5100
2023-12-19,57.5700
2023-12-20,56.6800
2023-12-21,56.8300
2023-12-22,57.1300
2023-12-26,57.2300
2023-12-27,57.8500
2023-12-28,58.0700
2023-12-29,58.1900
2024-01-01,58.1200
2024-01-02,57.9700
2024-01-03,57.6200
2024-01-04,58.1600
2024-01-05,58.2000
2024-01-08,57.7600
2024-01-09,57.9700
2024-01-10,58.1000
2024-01-11,58.2300
2024-01-12,58.7400
2024-01-15,59.0700
2024-01-16,58.8300
2024-01-17,57.8400
2024-01-18,57.6100
2024-01-19,58.0700
2024-01-23,57.1000
2024-01-24,57.6300
2024-01-25,57.5400
2024-01-29,58.4200
2024-01-30,57.7300
2024-01-31,58.2000
2024-02-01,58.0200
2024-02-02,58.4400
2024-02-05,58.2300
2024-02-06,58.7200
2024-02-07,58.8200
2024-02-08,58.3700
2024-02-09,58.5700
2024-02-12,58.1800
2024-02-13,58.5500
2024-02-14,58.6800
2024-02-15,58.8200
2024-02-16,59.3000
2024-02-19,59.5700
2024-02-20,59.7500
2024-02-21,59.5200
2024-02-22,60.0300
2024-02-23,60.2100
2024-02-26,59.9900
2024-02-27,60.2200
2024-02-28,59.5400
2024-02-29,59.7400
2024-03-01,60.5800
2024-03-04,60.6200
2024-03-05,60.3900
2024-03-06,60.7000
2024-03-07,60.9500
2024-03-11,60.8400
2024-03-12,60.8100
2024-03-13,59.7700
2024-03-14,60.2400
2024-03-15,59.9500
2024-03-18,60.1500
2024-03-19,59.6500
2024-03-20,59.7700
2024-03-21,60.4000
2024-03-22,60.8500
2024-03-26,61.0500
2024-03-27,61.4800
2024-03-28,62.2100
2024-03-31,62.2100
2024-04-01,62.5000
2024-04-02,62.4400
2024-04-03,62.3400
2024-04-04,62.7100
2024-04-05,62.6700
2024-04-08,63.1300
2024-04-09,63.1300
2024-04-10,63.3900
2024-04-12,62.9100
2024-04-15,62.0200
2024-04-16,61.5900
2024-04-18,61.2500
2024-04-19,61.6000
2024-04-22,62.2800
2024-04-23,62.3400
2024-04-24,62.4600
2024-04-25,62.5600
2024-04-26,61.9500
2024-04-29,62.5000
2024-04-30,62.6100
2024-05-02,62.8800
2024-05-03,62.4800
2024-05-06,62.4000
2024-05-07,61.9600
2024-05-08,62.1300
2024-05-09,61.4000
2024-05-10,61.7800
2024-05-13,61.8100
2024-05-14,61.9500
2024-05-15,62.0300
2024-05-16,62.6200
2024-05-17,62.8800
2024-05-21,63.0000
2024-05-22,63.1700
2024-05-23,63.9600
2024-05-24,63.7800
2024-05-27,63.6200
2024-05-28,63.3100
2024-05-29,62.8100
2024-05-30,62.2200
2024-05-31,62.2600
2024-06-03,64.0500
2024-06-04,60.9800
2024-06-05,63.1000
2024-06-06,63.5100
2024-06-07,64.7600
2024-06-10,64.8200
2024-06-11,64.7500
2024-06-12,64.8500
2024-06-13,65.2400
2024-06-14,65.5900
2024-06-18,66.0700
2024-06-19,65.7500
2024-06-20,65.6600
2024-06-21,65.4300
2024-06-24,65.7600
2024-06-25,66.0600
2024-06-26,66.4100
2024-06-27,66.8400
2024-06-28,66.5200
2024-07-01,66.9700
2024-07-02,66.8000
2024-07-03,67.1900
2024-07-04,67.2400
2024-07-05,67.3500
2024-07-08,67.1800
2024-07-09,67.4500
2024-07-10,67.1400
2024-07-11,67.0200
2024-07-12,67.3900
2024-07-15,67.7500
2024-07-16,67.7300
2024-07-18,68.1600
2024-07-19,67.2700
2024-07-22,67.4100
2024-07-23,67.2000
2024-07-24,67.1200
2024-07-25,67.2000
2024-07-26,68.2100
2024-07-29,68.3300
2024-07-30,68.2600
2024-07-31,68.4300
2024-08-01,68.4700
2024-08-02,67.9800
2024-08-05,66.3100
2024-08-06,66.0600
2024-08-07,67.1300
2024-08-08,66.7200
2024-08-09,67.3400
2024-08-12,67.2000
2024-08-13,66.6100
2024-08-14,66.8000
2024-08-16,67.8800
2024-08-19,67.8000
2024-08-20,68.1800
2024-08-21,68.2600
2024-08-22,68.4800
2024-08-23,68.6200
2024-08-26,69.0900
2024-08-27,69.2500
2024-08-28,69.4600
2024-08-29,69.6800
2024-08-30,69.9900
2024-08-31,69.9900
2024-09-02,70.0700
2024-09-03,70.0700
2024-09-04,69.9800
2024-09-05,70.0700
2024-09-06,69.4500
2024-09-09,69.7700
2024-09-10,70.0000
2024-09-11,69.9000
2024-09-12,71.0500
2024-09-13,70.9200
2024-09-16,70.9400
2024-09-17,71.0500
2024-09-18,71.0100
2024-09-19,71.2200
2024-09-20,72.2300
2024-09-23,72.7600
2024-09-24,72.7100
2024-09-25,72.6500
2024-09-26,73.1400
2024-09-27,72.9300
2024-09-30,71.8600
2024-10-01,71.8200
2024-10-03,70.4000
2024-10-04,69.5900
2024-10-07,68.9100
2024-10-08,69.7400
2024-10-09,70.0900
2024-10-10,69.9300
2024-10-11,69.8300
2024-10-14,69.9500
2024-10-15,69.8900
2024-10-16,69.5200
2024-10-17,68.5100
2024-10-18,68.5300
2024-10-21,68.3600
2024-10-22,67.5400
2024-10-23,67.6500
2024-10-24,67.4200
2024-10-25,66.9700
2024-10-28,66.9500
2024-10-29,67.2000
2024-10-30,66.8200
2024-10-31,66.4700
2024-11-04,66.1000
2024-11-05,66.5000
2024-11-06,67.4100
2024-11-07,66.7400
2024-11-08,66.6100
2024-11-11,66.6700
2024-11-12,65.9500
2024-11-13,65.0500
2024-11-14,65.3000
2024-11-18,65.1400
2024-11-19,65.4400
2024-11-21,65.1300
2024-11-22,66.3800
2024-11-25,67.2400
2024-11-26,67.2100
2024-11-27,67.4600
2024-11-28,66.7200
2024-11-29,67.2500
2024-11-30,67.2500
2024-12-02,67.7200
2024-12-03,68.0900
2024-12-04,68.3000
2024-12-05,68.9900
2024-12-06,68.8800
2024-12-09,68.7900
2024-12-10,68.9400
2024-12-11,69.0000
2024-12-12,68.8400
2024-12-13,69.3400
2024-12-16,69.2200
2024-12-17,68.4600
2024-12-18,68.1500
2024-12-19,67.5600
2024-12-20,66.5500
2024-12-23,66.8500
2024-12-24,66.8900
2024-12-26,67.0400
2024-12-27,67.1500
2024-12-30,66.9100
2024-12-31,66.7800
2025-01-01,67.0300
2025-01-02,68.1400
2025-01-03,67.6800
2025-01-06,66.6600
2025-01-07,66.6800
2025-01-08,66.2800
2025-01-09,65.8900
2025-01-10,65.4900
2025-01-13,64.1100
2025-01-14,64.4800
2025-01-15,64.6200
2025-01-16,64.9200
2025-01-17,64.6100
2025-01-20,64.8600
2025-01-21,63.7900
2025-01-22,64.1000
2025-01-23,64.5500
2025-01-24,64.1500
2025-01-27,63.3700
2025-01-28,63.8200
2025-01-29,64.6300
2025-01-30,64.8300
2025-01-31,65.2700
2025-02-03,65.6700
2025-02-04,66.4700
2025-02-05,66.3500
2025-02-06,66.0400
2025-02-07,66.0100
2025-02-10,65.4700
2025-02-11,64.5600
2025-02-12,64.5200
2025-02-13,64.6200
2025-02-14,64.2200
2025-02-17,64.1000
2025-02-18,64.0900
2025-02-19,64.1500
2025-02-20,64.1600
2025-02-21,63.6700
2025-02-24,63.0100
2025-02-25,63.0900
2025-02-27,63.0300
2025-02-28,61.8000
2025-03-03,62.0200
2025-03-04,61.9900
2025-03-05,62.4700
2025-03-06,62.8800
2025-03-07,62.7700
2025-03-10,62.4100
2025-03-11,62.6300
2025-03-12,62.6200
2025-03-13,62.5000
2025-03-17,62.8900
2025-03-18,63.8700
2025-03-19,64.1900
2025-03-20,64.9200
2025-03-21,65.4600
2025-03-24,66.0700
2025-03-25,66.0100
2025-03-26,65.5200
