date,brent_usd
2015-04-01,50.09000015
2015-04-02,49.13999939
2015-04-06,52.13999939
2015-04-07,53.97999954
2015-04-08,50.41999817
2015-04-09,50.79000092
2015-04-10,51.63999939
2015-04-13,51.90999985
2015-04-14,53.29000092
2015-04-15,56.38999939
2015-04-16,56.70999908
2015-04-17,55.74000168
2015-04-20,56.38000107
2015-04-21,55.25999832
2015-04-22,56.15999985
2015-04-23,57.74000168
2015-04-24,57.15000153
2015-04-27,56.99000168
2015-04-28,57.06000137
2015-04-29,58.58000183
2015-04-30,59.63000107
2015-05-01,59.15000153
2015-05-04,58.93000031
2015-05-05,60.40000153
2015-05-06,60.93000031
2015-05-07,58.93999863
2015-05-08,59.38999939
2015-05-11,59.25
2015-05-12,60.75
2015-05-13,60.5
2015-05-14,59.88000107
2015-05-15,59.68999863
2015-05-18,59.43000031
2015-05-19,57.25999832
2015-05-20,58.97999954
2015-05-21,60.72000122
2015-05-22,59.72000122
2015-05-26,58.02999878
2015-05-27,57.50999832
2015-05-28,57.68000031
2015-05-29,60.29999924
2015-06-01,60.20000076
2015-06-02,61.25999832
2015-06-03,59.63999939
2015-06-04,58
2015-06-05,59.13000107
2015-06-08,58.13999939
2015-06-09,60.13999939
2015-06-10,61.43000031
2015-06-11,60.77000046
2015-06-12,59.95999908
2015-06-15,59.52000046
2015-06-16,59.97000122
2015-06-17,59.91999817
2015-06-18,60.45000076
2015-06-19,59.61000061
2015-06-22,59.68000031
2015-06-23,61.00999832
2015-06-24,60.27000046
2015-06-25,59.70000076
2015-06-26,59.63000107
2015-06-29,58.33000183
2015-06-30,59.47000122
2015-07-01,56.95999908
2015-07-02,56.93000031
2015-07-06,52.52999878
2015-07-07,52.33000183
2015-07-08,51.65000153
2015-07-09,52.77999878
2015-07-10,52.74000168
2015-07-13,52.20000076
2015-07-14,53.04000092
2015-07-15,51.40999985
2015-07-16,50.90999985
2015-07-17,50.88999939
2015-07-20,50.15000153
2015-07-21,50.36000061
2015-07-22,49.18999863
2015-07-23,48.45000076
2015-07-24,48.13999939
2015-07-27,47.38999939
2015-07-28,47.97999954
2015-07-29,48.79000092
2015-07-30,48.52000046
2015-07-31,47.11999893
2015-08-03,45.16999817
2015-08-04,45.74000168
2015-08-05,45.15000153
2015-08-06,44.65999985
2015-08-07,43.86999893
2015-08-10,44.95999908
2015-08-11,43.08000183
2015-08-12,43.29999924
2015-08-13,42.22999954
2015-08-14,42.5
2015-08-17,41.86999893
2015-08-18,42.61999893
2015-08-19,40.79999924
2015-08-20,41.13999939
2015-08-21,40.45000076
2015-08-24,38.24000168
2015-08-25,39.31000137
2015-08-26,38.59999847
2015-08-27,42.56000137
2015-08-28,45.22000122
2015-08-31,49.20000076
2015-09-01,45.40999985
2015-09-02,46.25
2015-09-03,46.75
2015-09-04,46.04999924
2015-09-08,45.93999863
2015-09-09,44.15000153
2015-09-10,45.91999817
2015-09-11,44.63000107
2015-09-14,44
2015-09-15,44.59000015
2015-09-16,47.15000153
2015-09-17,46.90000153
2015-09-18,44.68000031
2015-09-21,46.68000031
2015-09-22,45.83000183
2015-09-23,44.47999954
2015-09-24,44.90999985
2015-09-25,45.70000076
2015-09-28,44.43000031
2015-09-29,45.22999954
2015-09-30,45.09000015
2015-10-01,44.74000168
2015-10-02,45.54000092
2015-10-05,46.25999832
2015-10-06,48.52999878
2015-10-07,47.81000137
2015-10-08,49.43000031
2015-10-09,49.63000107
2015-10-12,47.09999847
2015-10-13,46.65999985
2015-10-14,46.63999939
2015-10-15,46.38000107
2015-10-16,47.25999832
2015-10-19,45.88999939
2015-10-20,45.54999924
2015-10-21,45.20000076
2015-10-22,45.38000107
2015-10-23,44.59999847
2015-10-26,43.97999954
2015-10-27,43.20000076
2015-10-28,45.93999863
2015-10-29,46.06000137
2015-10-30,46.59000015
2015-11-02,46.13999939
2015-11-03,47.90000153
2015-11-04,46.31999969
2015-11-05,45.20000076
2015-11-06,44.29000092
2015-11-09,43.86999893
2015-11-10,44.20999908
2015-11-11,42.93000031
2015-11-12,41.75
2015-11-13,40.74000168
2015-11-16,41.74000168
2015-11-17,40.66999817
2015-11-18,40.75
2015-11-19,40.54000092
2015-11-20,40.38999939
2015-11-23,41.75
2015-11-24,42.86999893
2015-11-25,43.04000092
2015-11-27,41.70999908
2015-11-30,41.65000153
2015-12-01,41.84999847
2015-12-02,39.93999863
2015-12-03,41.08000183
2015-12-04,39.97000122
2015-12-07,37.65000153
2015-12-08,37.50999832
2015-12-09,37.15999985
2015-12-10,36.75999832
2015-12-11,35.61999893
2015-12-14,36.31000137
2015-12-15,37.34999847
2015-12-16,35.52000046
2015-12-17,34.95000076
2015-12-18,34.72999954
2015-12-21,34.74000168
2015-12-22,36.13999939
2015-12-23,37.5
2015-12-24,38.09999847
2015-12-28,36.81000137
2015-12-29,37.86999893
2015-12-30,36.59999847
2015-12-31,37.04000092
2016-01-04,36.75999832
2016-01-05,35.97000122
2016-01-06,33.97000122
2016-01-07,33.27000046
2016-01-08,33.15999985
2016-01-11,31.40999985
2016-01-12,30.44000053
2016-01-13,30.47999954
2016-01-14,31.20000076
2016-01-15,29.42000008
2016-01-19,28.45999908
2016-01-20,26.54999924
2016-01-21,29.53000069
2016-01-22,32.18999863
2016-01-25,30.34000015
2016-01-26,31.45000076
2016-01-27,32.29999924
2016-01-28,33.22000122
2016-01-29,33.61999893
2016-02-01,31.62000084
2016-02-02,29.87999916
2016-02-03,32.27999878
2016-02-04,31.71999931
2016-02-05,30.88999939
2016-02-08,29.69000053
2016-02-09,27.94000053
2016-02-10,27.45000076
2016-02-11,26.20999908
2016-02-12,29.44000053
2016-02-16,29.04000092
2016-02-17,30.65999985
2016-02-18,30.77000046
2016-02-19,29.63999939
2016-02-22,31.47999954
2016-02-23,31.87000084
2016-02-24,32.15000153
2016-02-25,33.06999969
2016-02-26,32.77999878
2016-02-29,33.75
2016-03-01,34.40000153
2016-03-02,34.65999985
2016-03-03,34.56999969
2016-03-04,35.91999817
2016-03-07,37.90000153
2016-03-08,36.5
2016-03-09,38.29000092
2016-03-10,37.84000015
2016-03-11,38.5
2016-03-14,37.18000031
2016-03-15,36.34000015
2016-03-16,38.45999908
2016-03-17,40.20000076
2016-03-18,39.43999863
2016-03-21,39.90999985
2016-03-22,41.45000076
2016-03-23,39.79000092
2016-03-24,39.45999908
2016-03-28,39.38999939
2016-03-29,38.27999878
2016-03-30,38.31999969
2016-03-31,38.34000015
2016-04-01,36.79000092
2016-04-04,35.70000076
2016-04-05,35.88999939
2016-04-06,37.75
2016-04-07,37.25999832
2016-04-08,39.72000122
2016-04-11,40.36000061
2016-04-12,42.16999817
2016-04-13,41.75999832
2016-04-14,41.5
2016-04-15,40.36000061
2016-04-18,39.77999878
2016-04-19,41.08000183
2016-04-20,42.63000107
2016-04-21,43.18000031
2016-04-22,43.72999954
2016-04-25,42.63999939
2016-04-26,44.04000092
2016-04-27,45.33000183
2016-04-28,46.02999878
2016-04-29,45.91999817
2016-05-02,44.77999878
2016-05-03,43.65000153
2016-05-04,43.77999878
2016-05-05,44.31999969
2016-05-06,44.65999985
2016-05-09,43.43999863
2016-05-10,44.65999985
2016-05-11,46.22999954
2016-05-12,46.70000076
2016-05-13,46.20999908
2016-05-16,47.72000122
2016-05-17,48.31000137
2016-05-18,48.18999863
2016-05-19,48.15999985
2016-05-20,47.75
2016-05-23,48.08000183
2016-05-24,48.61999893
2016-05-25,49.56000137
2016-05-26,49.47999954
2016-05-27,49.33000183
2016-05-31,49.09999847
2016-06-01,49.00999832
2016-06-02,49.16999817
2016-06-03,48.61999893
2016-06-06,49.68999863
2016-06-07,50.36000061
2016-06-08,51.22999954
2016-06-09,50.56000137
2016-06-10,49.06999969
2016-06-13,48.88000107
2016-06-14,48.49000168
2016-06-15,48.00999832
2016-06-16,46.20999908
2016-06-17,47.97999954
2016-06-20,49.36999893
2016-06-21,48.84999847
2016-06-22,49.13000107
2016-06-23,50.11000061
2016-06-24,47.63999939
2016-06-27,46.33000183
2016-06-28,47.84999847
2016-06-29,49.88000107
2016-06-30,48.33000183
2016-07-01,48.99000168
2016-07-05,46.59999847
2016-07-06,47.43000031
2016-07-07,45.13999939
2016-07-08,45.40999985
2016-07-11,44.75999832
2016-07-12,46.79999924
2016-07-13,44.75
2016-07-14,45.68000031
2016-07-15,45.95000076
2016-07-18,45.24000168
2016-07-19,44.65000153
2016-07-20,44.93999863
2016-07-21,44.75
2016-07-22,44.18999863
2016-07-25,43.13000107
2016-07-26,42.91999817
2016-07-27,41.91999817
2016-07-28,41.13999939
2016-07-29,41.59999847
2016-08-01,40.06000137
2016-08-02,39.50999832
2016-08-03,40.83000183
2016-08-04,41.93000031
2016-08-05,41.79999924
2016-08-08,43.02000046
2016-08-09,42.77000046
2016-08-10,41.70999908
2016-08-11,43.49000168
2016-08-12,44.49000168
2016-08-15,45.74000168
2016-08-16,46.58000183
2016-08-17,46.79000092
2016-08-18,48.22000122
2016-08-19,48.52000046
2016-08-22,47.04999924
2016-08-23,48.09999847
2016-08-24,46.77000046
2016-08-25,47.33000183
2016-08-26,47.63999939
2016-08-29,46.97999954
2016-08-30,46.34999847
2016-08-31,44.70000076
2016-09-01,43.15999985
2016-09-02,44.43999863
2016-09-06,44.83000183
2016-09-07,45.5
2016-09-08,47.61999893
2016-09-09,45.88000107
2016-09-12,46.29000092
2016-09-13,44.90000153
2016-09-14,43.58000183
2016-09-15,43.90999985
2016-09-16,43.02999878
2016-09-19,43.29999924
2016-09-20,43.43999863
2016-09-21,45.34000015
2016-09-22,46.31999969
2016-09-23,44.47999954
2016-09-26,45.93000031
2016-09-27,44.66999817
2016-09-28,47.04999924
2016-09-29,47.83000183
2016-09-30,48.24000168
2016-10-03,48.81000137
2016-10-04,48.68999863
2016-10-05,49.83000183
2016-10-06,50.43999863
2016-10-07,49.81000137
2016-10-11,50.79000092
2016-10-12,50.18000031
2016-10-13,50.43999863
2016-10-14,50.34999847
2016-10-17,49.93999863
2016-10-18,50.29000092
2016-10-19,51.59999847
2016-10-20,50.43000031
2016-10-21,50.84999847
2016-10-24,50.52000046
2016-10-25,49.95999908
2016-10-26,49.18000031
2016-10-27,49.72000122
2016-10-28,48.70000076
2016-10-31,46.86000061
2016-11-01,46.66999817
2016-11-02,45.34000015
2016-11-03,44.65999985
2016-11-04,44.06999969
2016-11-07,44.88999939
2016-11-08,44.97999954
2016-11-09,45.27000046
2016-11-10,44.65999985
2016-11-14,43.31999969
2016-11-15,45.81000137
2016-11-16,45.56999969
2016-11-17,45.41999817
2016-11-18,45.68999863
2016-11-21,47.49000168
2016-11-22,48.02999878
2016-11-23,47.95999908
2016-11-25,46.06000137
2016-11-28,47.08000183
2016-11-29,45.22999954
2016-11-30,49.43999863
2016-12-01,51.06000137
2016-12-02,51.68000031
2016-12-05,51.79000092
2016-12-06,50.93000031
2016-12-07,49.77000046
2016-12-08,50.84000015
2016-12-09,51.5
2016-12-12,52.83000183
2016-12-13,52.97999954
2016-12-14,51.04000092
2016-12-15,50.90000153
2016-12-16,51.90000153
2016-12-19,52.11999893
2016-12-20,52.22999954
2016-12-21,52.49000168
2016-12-22,52.95000076
2016-12-23,53.02000046
2016-12-27,53.90000153
2016-12-28,54.06000137
2016-12-29,53.77000046
2016-12-30,53.72000122
2017-01-03,52.33000183
2017-01-04,53.25999832
2017-01-05,53.75999832
2017-01-06,53.99000168
2017-01-09,51.95999908
2017-01-10,50.81999969
2017-01-11,52.25
2017-01-12,53.00999832
2017-01-13,52.36999893
2017-01-17,52.47999954
2017-01-18,51.08000183
2017-01-19,51.36999893
2017-01-20,52.41999817
2017-01-23,52.75
2017-01-24,53.18000031
2017-01-25,52.75
2017-01-26,53.77999878
2017-01-27,53.16999817
2017-01-30,52.63000107
2017-01-31,52.81000137
2017-02-01,53.88000107
2017-02-02,53.54000092
2017-02-03,53.83000183
2017-02-06,53.00999832
2017-02-07,52.16999817
2017-02-08,52.34000015
2017-02-09,53
2017-02-10,53.86000061
2017-02-13,52.93000031
2017-02-14,53.20000076
2017-02-15,53.11000061
2017-02-16,53.36000061
2017-02-17,53.40000153
2017-02-21,54.06000137
2017-02-22,53.59000015
2017-02-23,54.45000076
2017-02-24,53.99000168
2017-02-27,54.04999924
2017-02-28,54.00999832
2017-03-01,53.83000183
2017-03-02,52.61000061
2017-03-03,53.33000183
2017-03-06,53.20000076
2017-03-07,53.13999939
2017-03-08,50.27999878
2017-03-09,49.27999878
2017-03-10,48.49000168
2017-03-13,48.40000153
2017-03-14,47.72000122
2017-03-15,48.86000061
2017-03-16,48.75
2017-03-17,48.77999878
2017-03-20,48.22000122
2017-03-21,47.34000015
2017-03-22,48.04000092
2017-03-23,47.70000076
2017-03-24,47.97000122
2017-03-27,47.72999954
2017-03-28,48.36999893
2017-03-29,49.50999832
2017-03-30,50.34999847
2017-03-31,50.59999847
2017-04-03,50.24000168
2017-04-04,51.02999878
2017-04-05,51.15000153
2017-04-06,51.70000076
2017-04-07,52.24000168
2017-04-10,53.08000183
2017-04-11,53.40000153
2017-04-12,53.11000061
2017-04-13,53.18000031
2017-04-17,52.65000153
2017-04-18,52.40999985
2017-04-19,50.43999863
2017-04-20,50.27000046
2017-04-21,49.61999893
2017-04-24,49.22999954
2017-04-25,49.56000137
2017-04-26,49.61999893
2017-04-27,48.97000122
2017-04-28,49.33000183
2017-05-01,48.84000015
2017-05-02,47.65999985
2017-05-03,47.81999969
2017-05-04,45.52000046
2017-05-05,46.22000122
2017-05-08,46.43000031
2017-05-09,45.88000107
2017-05-10,47.33000183
2017-05-11,47.83000183
2017-05-12,47.84000015
2017-05-15,48.84999847
2017-05-16,48.65999985
2017-05-17,49.06999969
2017-05-18,49.34999847
2017-05-19,50.33000183
2017-05-22,50.72999954
2017-05-23,51.47000122
2017-05-24,51.36000061
2017-05-25,48.90000153
2017-05-26,49.79999924
2017-05-30,49.65999985
2017-05-31,48.31999969
2017-06-01,48.36000061
2017-06-02,47.65999985
2017-06-05,47.40000153
2017-06-06,48.18999863
2017-06-07,45.72000122
2017-06-08,45.63999939
2017-06-09,45.83000183
2017-06-12,46.08000183
2017-06-13,46.45999908
2017-06-14,44.72999954
2017-06-15,44.45999908
2017-06-16,44.74000168
2017-06-19,44.20000076
2017-06-20,43.22999954
2017-06-21,42.52999878
2017-06-22,42.74000168
2017-06-23,43.00999832
2017-06-26,43.38000107
2017-06-27,44.24000168
2017-06-28,44.74000168
2017-06-29,44.93000031
2017-06-30,46.04000092
2017-07-03,47.06999969
2017-07-05,45.13000107
2017-07-06,45.52000046
2017-07-07,44.22999954
2017-07-10,44.40000153
2017-07-11,45.04000092
2017-07-12,45.49000168
2017-07-13,46.08000183
2017-07-14,46.54000092
2017-07-17,46.02000046
2017-07-18,46.40000153
2017-07-19,47.11999893
2017-07-20,46.79000092
2017-07-21,45.77000046
2017-07-24,46.34000015
2017-07-25,47.88999939
2017-07-26,48.75
2017-07-27,49.04000092
2017-07-28,49.70999908
2017-07-31,50.16999817
2017-08-01,49.15999985
2017-08-02,49.59000015
2017-08-03,49.02999878
2017-08-04,49.58000183
2017-08-07,49.38999939
2017-08-08,49.16999817
2017-08-09,49.56000137
2017-08-10,48.59000015
2017-08-11,48.81999969
2017-08-14,47.59000015
2017-08-15,47.54999924
2017-08-16,46.77999878
2017-08-17,47.09000015
2017-08-18,48.50999832
2017-08-21,47.36999893
2017-08-22,47.63999939
2017-08-23,48.40999985
2017-08-24,47.43000031
2017-08-25,47.86999893
2017-08-28,46.56999969
2017-08-29,46.43999863
2017-08-30,45.95999908
2017-08-31,47.22999954
2017-09-01,47.29000092
2017-09-05,48.65999985
2017-09-06,49.15999985
2017-09-07,49.09000015
2017-09-08,47.47999954
2017-09-11,48.06999969
2017-09-12,48.22999954
2017-09-13,49.29999924
2017-09-14,49.88999939
2017-09-18,49.90999985
2017-09-19,49.47999954
2017-09-20,50.40999985
2017-09-21,50.54999924
2017-09-22,50.65999985
2017-09-25,52.22000122
2017-09-26,51.88000107
2017-09-27,52.13999939
2017-09-28,51.56000137
2017-09-29,51.66999817
2017-10-02,50.58000183
2017-10-03,50.41999817
2017-10-04,49.97999954
2017-10-05,50.79000092
2017-10-06,49.29000092
2017-10-09,49.58000183
2017-10-10,50.91999817
2017-10-11,51.29999924
2017-10-12,50.59999847
2017-10-13,51.45000076
2017-10-16,51.86999893
2017-10-17,51.88000107
2017-10-18,52.04000092
2017-10-19,51.29000092
2017-10-20,51.47000122
2017-10-23,51.90000153
2017-10-24,52.47000122
2017-10-25,52.18000031
2017-10-26,52.63999939
2017-10-27,53.90000153
2017-10-30,54.15000153
2017-10-31,54.38000107
2017-11-01,54.29999924
2017-11-02,54.54000092
2017-11-03,55.63999939
2017-11-06,57.34999847
2017-11-07,57.20000076
2017-11-08,56.81000137
2017-11-09,57.16999817
2017-11-10,56.74000168
2017-11-13,56.75999832
2017-11-14,55.70000076
2017-11-15,55.33000183
2017-11-16,55.13999939
2017-11-17,56.54999924
2017-11-20,56.09000015
2017-11-21,56.83000183
2017-11-22,58.02000046
2017-11-24,58.95000076
2017-11-27,58.11000061
2017-11-28,57.99000168
2017-11-29,57.29999924
2017-11-30,57.40000153
2017-12-01,58.36000061
2017-12-04,57.47000122
2017-12-05,57.61999893
2017-12-06,55.95999908
2017-12-07,56.68999863
2017-12-08,57.36000061
2017-12-11,57.99000168
2017-12-12,57.13999939
2017-12-13,56.59999847
2017-12-14,57.04000092
2017-12-15,57.29999924
2017-12-18,57.15999985
2017-12-19,57.45999908
2017-12-20,58.09000015
2017-12-21,58.36000061
2017-12-22,58.47000122
2017-12-26,59.97000122
2017-12-27,59.63999939
2017-12-28,59.84000015
2017-12-29,60.41999817
2018-01-02,60.36999893
2018-01-03,61.63000107
2018-01-04,62.00999832
2018-01-05,61.43999863
2018-01-08,61.72999954
2018-01-09,62.95999908
2018-01-10,63.56999969
2018-01-11,63.79999924
2018-01-12,64.30000305
2018-01-16,63.72999954
2018-01-17,63.97000122
2018-01-18,63.95000076
2018-01-19,63.36999893
2018-01-22,63.49000168
2018-01-23,64.47000122
2018-01-24,65.61000061
2018-01-25,65.51000214
2018-01-26,66.13999939
2018-01-29,65.55999756
2018-01-30,64.5
2018-01-31,64.73000336
2018-02-01,65.80000305
2018-02-02,65.44999695
2018-02-05,64.15000153
2018-02-06,63.38999939
2018-02-07,61.79000092
2018-02-08,61.15000153
2018-02-09,59.20000076
2018-02-12,59.29000092
2018-02-13,59.18999863
2018-02-14,60.59999847
2018-02-15,61.34000015
2018-02-16,61.68000031
2018-02-20,61.90000153
2018-02-21,61.68000031
2018-02-22,62.77000046
2018-02-23,63.54999924
2018-02-26,63.90999985
2018-02-27,63.00999832
2018-02-28,61.63999939
2018-03-01,60.99000168
2018-03-02,61.25
2018-03-05,62.56999969
2018-03-06,62.59999847
2018-03-07,61.15000153
2018-03-08,60.11999893
2018-03-09,62.04000092
2018-03-12,61.36000061
2018-03-13,60.70999908
2018-03-14,60.95999908
2018-03-15,61.18999863
2018-03-16,62.34000015
2018-03-19,62.06000137
2018-03-20,63.40000153
2018-03-21,65.16999817
2018-03-22,64.30000305
2018-03-23,65.87999725
2018-03-26,65.55000305
2018-03-27,65.25
2018-03-28,64.37999725
2018-03-29,64.94000244
2018-04-02,63.00999832
2018-04-03,63.50999832
2018-04-04,63.36999893
2018-04-05,63.54000092
2018-04-06,62.06000137
2018-04-09,63.41999817
2018-04-10,65.51000214
2018-04-11,66.81999969
2018-04-12,67.06999969
2018-04-13,67.38999939
2018-04-16,66.22000122
2018-04-17,66.51999664
2018-04-18,68.47000122
2018-04-19,68.29000092
2018-04-20,68.37999725
2018-04-23,68.63999939
2018-04-24,67.69999695
2018-04-25,68.05000305
2018-04-26,68.19000244
2018-04-27,68.09999847
2018-04-30,68.56999969
2018-05-01,67.25
2018-05-02,67.93000031
2018-05-03,68.43000031
2018-05-04,69.72000122
2018-05-07,70.73000336
2018-05-08,69.05999756
2018-05-09,71.13999939
2018-05-10,71.36000061
2018-05-11,70.69999695
2018-05-14,70.95999908
2018-05-15,71.30999756
2018-05-16,71.48999786
2018-05-18,71.27999878
2018-05-21,72.23999786
2018-05-22,72.12999725
2018-05-23,71.83999634
2018-05-24,70.70999908
2018-05-25,67.87999725
2018-05-29,66.73000336
2018-05-30,68.20999908
2018-05-31,67.04000092
2018-06-01,65.80999756
2018-06-04,64.75
2018-06-05,65.51999664
2018-06-06,64.73000336
2018-06-07,65.94999695
2018-06-08,65.73999786
2018-06-11,66.09999847
2018-06-12,66.36000061
2018-06-13,66.63999939
2018-06-14,66.88999939
2018-06-15,65.05999756
2018-06-18,65.84999847
2018-06-19,65.06999969
2018-06-20,66.22000122
2018-06-21,65.54000092
2018-06-22,68.58000183
2018-06-25,68.08000183
2018-06-26,70.52999878
2018-06-27,72.76000214
2018-06-28,73.44999695
2018-06-29,74.15000153
2018-07-02,73.94000244
2018-07-03,74.13999939
2018-07-05,72.94000244
2018-07-06,73.80000305
2018-07-09,73.84999847
2018-07-10,74.11000061
2018-07-11,70.37999725
2018-07-12,70.33000183
2018-07-13,71.01000214
2018-07-16,68.05999756
2018-07-17,68.08000183
2018-07-18,68.76000214
2018-07-19,69.45999908
2018-07-20,70.45999908
2018-07-23,67.88999939
2018-07-24,68.51999664
2018-07-25,69.30000305
2018-07-26,69.61000061
2018-07-27,68.69000244
2018-07-30,70.12999725
2018-07-31,68.76000214
2018-08-01,67.66000366
2018-08-02,68.95999908
2018-08-03,68.48999786
2018-08-06,69.01000214
2018-08-07,69.16999817
2018-08-08,66.94000244
2018-08-09,66.80999756
2018-08-10,67.62999725
2018-08-13,67.19999695
2018-08-14,67.04000092
2018-08-15,65.01000214
2018-08-16,65.45999908
2018-08-17,65.91000366
2018-08-20,66.43000031
2018-08-21,67.34999847
2018-08-22,67.86000061
2018-08-23,67.83000183
2018-08-24,68.72000122
2018-08-27,68.87000275
2018-08-28,68.52999878
2018-08-29,69.51000214
2018-08-30,70.25
2018-08-31,69.80000305
2018-09-04,69.87000275
2018-09-05,68.72000122
2018-09-06,67.76999664
2018-09-07,67.75
2018-09-10,67.54000092
2018-09-11,69.25
2018-09-12,70.37000275
2018-09-13,68.58999634
2018-09-14,68.98999786
2018-09-17,68.91000366
2018-09-18,69.84999847
2018-09-19,71.12000275
2018-09-20,70.80000305
2018-09-21,70.77999878
2018-09-24,72.08000183
2018-09-25,72.27999878
2018-09-26,71.56999969
2018-09-27,72.12000275
2018-09-28,73.25
2018-10-01,75.30000305
2018-10-02,75.23000336
2018-10-03,76.41000366
2018-10-04,74.33000183
2018-10-05,74.33999634
2018-10-08,74.29000092
2018-10-09,74.95999908
2018-10-10,73.16999817
2018-10-11,70.97000122
2018-10-12,71.33999634
2018-10-15,71.77999878
2018-10-16,71.91999817
2018-10-17,69.75
2018-10-18,68.65000153
2018-10-19,69.12000275
2018-10-22,69.16999817
2018-10-23,66.43000031
2018-10-24,66.81999969
2018-10-25,67.33000183
2018-10-26,67.58999634
2018-10-29,67.04000092
2018-10-30,66.18000031
2018-10-31,65.30999756
2018-11-01,63.68999863
2018-11-02,63.13999939
2018-11-05,63.09999847
2018-11-06,62.20999908
2018-11-07,61.66999817
2018-11-08,60.66999817
2018-11-09,60.18999863
2018-11-12,59.93000031
2018-11-13,55.68999863
2018-11-14,56.25
2018-11-15,56.45999908
2018-11-19,56.75999832
2018-11-20,53.43000031
2018-11-21,54.63000107
2018-11-23,50.41999817
2018-11-26,51.63000107
2018-11-27,51.56000137
2018-11-28,50.29000092
2018-11-29,51.45000076
2018-11-30,50.93000031
2018-12-03,52.95000076
2018-12-04,53.25
2018-12-06,51.49000168
2018-12-07,52.61000061
2018-12-10,51
2018-12-11,51.65000153
2018-12-12,51.15000153
2018-12-13,52.58000183
2018-12-14,51.20000076
2018-12-17,49.88000107
2018-12-18,46.24000168
2018-12-19,47.20000076
2018-12-20,45.88000107
2018-12-21,45.59000015
2018-12-24,42.52999878
2018-12-26,46.22000122
2018-12-27,44.61000061
2018-12-28,45.33000183
2018-12-31,45.40999985
2019-01-02,46.54000092
2019-01-03,47.09000015
2019-01-04,47.95999908
2019-01-07,48.52000046
2019-01-08,49.77999878
2019-01-09,52.36000061
2019-01-10,52.59000015
2019-01-11,51.59000015
2019-01-14,50.50999832
2019-01-15,52.11000061
2019-01-16,52.31000137
2019-01-17,52.06999969
2019-01-18,53.79999924
2019-01-22,52.56999969
2019-01-23,52.61999893
2019-01-24,53.13000107
2019-01-25,53.68999863
2019-01-28,51.99000168
2019-01-29,53.31000137
2019-01-30,54.22999954
2019-01-31,53.79000092
2019-02-01,55.25999832
2019-02-04,54.56000137
2019-02-05,53.65999985
2019-02-06,54.00999832
2019-02-07,52.63999939
2019-02-08,52.72000122
2019-02-11,52.40999985
2019-02-12,53.09999847
2019-02-13,53.90000153
2019-02-14,54.40999985
2019-02-15,55.59000015
2019-02-19,56.09000015
2019-02-20,56.91999817
2019-02-21,56.95999908
2019-02-22,57.25999832
2019-02-25,55.47999954
2019-02-26,55.5
2019-02-27,56.93999863
2019-02-28,57.22000122
2019-03-01,55.79999924
2019-03-04,56.59000015
2019-03-05,56.56000137
2019-03-06,56.22000122
2019-03-07,56.65999985
2019-03-08,56.06999969
2019-03-11,56.79000092
2019-03-12,56.86999893
2019-03-13,58.25999832
2019-03-14,58.61000061
2019-03-15,58.52000046
2019-03-18,59.09000015
2019-03-19,59.02999878
2019-03-20,59.83000183
2019-03-21,59.97999954
2019-03-22,59.04000092
2019-03-25,58.81999969
2019-03-26,59.93999863
2019-03-27,59.40999985
2019-03-28,59.29999924
2019-03-29,60.13999939
2019-04-01,61.59000015
2019-04-02,62.58000183
2019-04-03,62.45999908
2019-04-04,62.09999847
2019-04-05,63.08000183
2019-04-08,64.40000153
2019-04-09,63.97999954
2019-04-10,64.61000061
2019-04-11,63.58000183
2019-04-12,63.88999939
2019-04-15,63.40000153
2019-04-16,64.05000305
2019-04-17,63.75999832
2019-04-18,64
2019-04-22,65.69999695
2019-04-23,66.30000305
2019-04-24,65.88999939
2019-04-25,65.20999908
2019-04-26,63.29999924
2019-04-29,63.5
2019-04-30,63.90999985
2019-05-01,63.59999847
2019-05-02,61.81000137
2019-05-03,61.93999863
2019-05-06,62.25
2019-05-07,61.40000153
2019-05-08,62.11999893
2019-05-09,61.70000076
2019-05-10,61.65999985
2019-05-13,61.04000092
2019-05-14,61.77999878
2019-05-15,62.02000046
2019-05-16,62.86999893
2019-05-17,62.75999832
2019-05-20,63.09999847
2019-05-21,62.99000168
2019-05-22,61.41999817
2019-05-23,57.90999985
2019-05-24,58.63000107
2019-05-28,59.13999939
2019-05-29,58.81000137
2019-05-30,56.59000015
2019-05-31,53.5
2019-06-03,53.25
2019-06-04,53.47999954
2019-06-05,51.68000031
2019-06-06,52.59000015
2019-06-07,53.99000168
2019-06-10,53.25999832
2019-06-11,53.27000046
2019-06-12,51.13999939
2019-06-13,52.27999878
2019-06-14,52.50999832
2019-06-17,51.93000031
2019-06-18,53.90000153
2019-06-19,53.75999832
2019-06-20,56.65000153
2019-06-21,57.43000031
2019-06-24,57.90000153
2019-06-25,57.83000183
2019-06-26,59.38000107
2019-06-27,59.43000031
2019-06-28,58.47000122
2019-07-01,59.09000015
2019-07-02,56.25
2019-07-03,57.34000015
2019-07-05,57.50999832
2019-07-08,57.65999985
2019-07-09,57.83000183
2019-07-10,60.43000031
2019-07-11,60.20000076
2019-07-12,60.20999908
2019-07-15,59.58000183
2019-07-16,57.61999893
2019-07-17,56.77999878
2019-07-18,55.29999924
2019-07-19,55.63000107
2019-07-22,56.22000122
2019-07-23,56.77000046
2019-07-24,55.88000107
2019-07-25,56.02000046
2019-07-26,56.20000076
2019-07-29,56.86999893
2019-07-30,58.04999924
2019-07-31,58.58000183
2019-08-01,53.95000076
2019-08-02,55.65999985
2019-08-05,54.68999863
2019-08-06,53.63000107
2019-08-07,51.09000015
2019-08-08,52.54000092
2019-08-09,54.5
2019-08-12,54.93000031
2019-08-13,57.09999847
2019-08-14,55.22999954
2019-08-15,54.47000122
2019-08-16,54.86999893
2019-08-19,56.20999908
2019-08-20,56.34000015
2019-08-21,55.68000031
2019-08-22,55.34999847
2019-08-23,54.16999817
2019-08-26,53.63999939
2019-08-27,54.93000031
2019-08-28,55.77999878
2019-08-29,56.70999908
2019-08-30,55.09999847
2019-09-03,53.93999863
2019-09-04,56.25999832
2019-09-05,56.29999924
2019-09-06,56.52000046
2019-09-09,57.84999847
2019-09-10,57.40000153
2019-09-11,55.75
2019-09-12,55.09000015
2019-09-13,54.84999847
2019-09-16,62.90000153
2019-09-17,59.34000015
2019-09-18,58.11000061
2019-09-19,58.13000107
2019-09-20,58.09000015
2019-09-23,58.63999939
2019-09-24,57.29000092
2019-09-25,56.49000168
2019-09-26,56.40999985
2019-09-27,55.90999985
2019-09-30,54.06999969
2019-10-01,53.61999893
2019-10-02,52.63999939
2019-10-03,52.45000076
2019-10-04,52.81000137
2019-10-07,52.75
2019-10-08,52.63000107
2019-10-09,52.59000015
2019-10-10,53.54999924
2019-10-11,54.70000076
2019-10-14,53.59000015
2019-10-15,52.81000137
2019-10-16,53.36000061
2019-10-17,53.93000031
2019-10-18,53.77999878
2019-10-21,53.31000137
2019-10-22,54.15999985
2019-10-23,55.97000122
2019-10-24,56.22999954
2019-10-25,56.65999985
2019-10-28,55.81000137
2019-10-29,55.54000092
2019-10-30,55.06000137
2019-10-31,54.18000031
2019-11-01,56.20000076
2019-11-04,56.54000092
2019-11-05,57.22999954
2019-11-06,56.34999847
2019-11-07,57.15000153
2019-11-08,57.24000168
2019-11-11,56.86000061
2019-11-12,56.79999924
2019-11-13,57.11999893
2019-11-14,56.77000046
2019-11-15,57.72000122
2019-11-18,57.04999924
2019-11-19,55.20999908
2019-11-20,57.11000061
2019-11-21,58.58000183
2019-11-22,57.77000046
2019-11-25,58.00999832
2019-11-26,58.40999985
2019-11-27,58.11000061
2019-11-29,55.16999817
2019-12-02,55.95999908
2019-12-03,56.09999847
2019-12-04,58.43000031
2019-12-06,59.20000076
2019-12-09,59.02000046
2019-12-10,59.24000168
2019-12-11,58.75999832
2019-12-12,59.18000031
2019-12-13,60.06999969
2019-12-16,60.20999908
2019-12-17,60.93999863
2019-12-18,60.93000031
2019-12-19,61.22000122
2019-12-20,60.43999863
2019-12-23,60.52000046
2019-12-24,61.11000061
2019-12-26,61.68000031
2019-12-27,61.72000122
2019-12-30,61.68000031
2019-12-31,61.06000137
2020-01-02,61.18000031
2020-01-03,63.04999924
2020-01-06,63.27000046
2020-01-07,62.70000076
2020-01-08,59.61000061
2020-01-09,59.56000137
2020-01-10,59.04000092
2020-01-13,58.08000183
2020-01-14,58.22999954
2020-01-15,57.81000137
2020-01-16,58.52000046
2020-01-17,58.54000092
2020-01-21,58.34000015
2020-01-22,56.74000168
2020-01-23,55.59000015
2020-01-24,54.18999863
2020-01-27,53.13999939
2020-01-28,53.47999954
2020-01-29,53.33000183
2020-01-30,52.13999939
2020-01-31,51.56000137
2020-02-03,50.11000061
2020-02-04,49.61000061
2020-02-05,50.75
2020-02-06,50.95000076
2020-02-07,50.31999969
2020-02-10,49.56999969
2020-02-11,49.93999863
2020-02-12,51.16999817
2020-02-13,51.41999817
2020-02-14,52.04999924
2020-02-19,53.29000092
2020-02-20,53.77999878
2020-02-21,53.38000107
2020-02-24,51.43000031
2020-02-25,49.90000153
2020-02-26,48.72999954
2020-02-27,47.09000015
2020-02-28,44.75999832
2020-03-02,46.75
2020-03-03,47.18000031
2020-03-04,46.77999878
2020-03-05,45.90000153
2020-03-06,41.27999878
2020-03-09,31.12999916
2020-03-10,34.36000061
2020-03-11,32.97999954
2020-03-12,31.5
2020-03-13,31.72999954
2020-03-16,28.70000076
2020-03-17,26.95000076
2020-03-18,20.37000084
2020-03-19,25.21999931
2020-03-20,22.43000031
2020-03-23,23.36000061
2020-03-24,24.01000023
2020-03-25,24.48999977
2020-03-26,22.60000038
2020-03-27,21.51000023
2020-03-30,20.09000015
2020-03-31,20.47999954
2020-04-01,20.30999947
2020-04-02,25.31999969
2020-04-03,28.34000015
2020-04-06,26.07999992
2020-04-07,23.62999916
2020-04-08,25.09000015
2020-04-09,22.76000023
2020-04-13,22.40999985
2020-04-14,20.11000061
2020-04-15,19.87000084
2020-04-17,18.27000046
2020-04-20,-37.63000107
2020-04-21,10.01000023
2020-04-22,13.77999973
2020-04-23,16.5
2020-04-24,16.94000053
2020-04-27,12.77999973
2020-04-28,12.34000015
2020-04-29,15.06000042
2020-04-30,18.84000015
2020-05-01,19.78000069
2020-05-04,20.38999939
2020-05-05,24.55999947
2020-05-06,23.98999977
2020-05-07,23.54999924
2020-05-08,24.73999977
2020-05-11,24.13999939
2020-05-12,25.78000069
2020-05-13,25.29000092
2020-05-14,27.55999947
2020-05-15,29.43000031
2020-05-18,31.81999969
2020-05-19,32.5
2020-05-20,33.49000168
2020-05-21,33.91999817
2020-05-22,33.25
2020-05-26,34.34999847
2020-05-27,32.81000137
2020-05-28,33.70999908
2020-05-29,35.49000168
2020-06-01,35.43999863
2020-06-02,36.81000137
2020-06-03,37.29000092
2020-06-04,37.40999985
2020-06-05,39.54999924
2020-06-08,38.18999863
2020-06-09,38.93999863
2020-06-10,39.59999847
2020-06-11,36.34000015
2020-06-12,36.25999832
2020-06-15,37.11999893
2020-06-16,38.38000107
2020-06-17,37.95999908
2020-06-18,38.84000015
2020-06-19,39.75
2020-06-22,40.45999908
2020-06-23,40.36999893
2020-06-24,38.00999832
2020-06-25,38.72000122
2020-06-26,38.49000168
2020-06-29,39.70000076
2020-06-30,39.27000046
2020-07-01,39.81999969
2020-07-02,40.65000153
2020-07-06,40.63000107
2020-07-07,40.61999893
2020-07-08,40.90000153
2020-07-09,39.61999893
2020-07-10,40.54999924
2020-07-13,40.09999847
2020-07-14,40.29000092
2020-07-15,41.20000076
2020-07-16,40.75
2020-07-17,40.59000015
2020-07-20,40.81000137
2020-07-21,41.95999908
2020-07-22,41.90000153
2020-07-23,41.06999969
2020-07-24,41.29000092
2020-07-27,41.59999847
2020-07-28,41.04000092
2020-07-29,41.27000046
2020-07-30,39.91999817
2020-07-31,40.27000046
2020-08-03,41.00999832
2020-08-04,41.70000076
2020-08-05,42.18999863
2020-08-06,41.95000076
2020-08-07,41.22000122
2020-08-10,41.93999863
2020-08-11,41.61000061
2020-08-12,42.66999817
2020-08-13,42.24000168
2020-08-14,42.00999832
2020-08-17,42.88999939
2020-08-19,42.93000031
2020-08-20,42.58000183
2020-08-21,42.34000015
2020-08-24,42.61999893
2020-08-25,43.34999847
2020-08-26,43.38999939
2020-08-27,43.04000092
2020-08-28,42.97000122
2020-08-31,42.61000061
2020-09-01,42.75999832
2020-09-02,41.50999832
2020-09-03,41.36999893
2020-09-04,39.77000046
2020-09-08,36.75999832
2020-09-09,38.04999924
2020-09-10,37.29999924
2020-09-11,37.33000183
2020-09-14,37.25999832
2020-09-15,38.27999878
2020-09-16,40.15999985
2020-09-17,40.97000122
2020-09-18,41.11000061
2020-09-21,39.31000137
2020-09-22,39.59999847
2020-09-23,39.93000031
2020-09-24,40.31000137
2020-09-25,40.25
2020-09-28,40.59999847
2020-09-29,39.29000092
2020-09-30,40.22000122
2020-10-01,38.72000122
2020-10-02,37.04999924
2020-10-05,39.22000122
2020-10-06,40.66999817
2020-10-07,39.95000076
2020-10-08,41.18999863
2020-10-09,40.59999847
2020-10-12,39.43000031
2020-10-13,40.20000076
2020-10-14,41.04000092
2020-10-15,40.95999908
2020-10-16,40.88000107
2020-10-19,40.83000183
2020-10-20,41.45999908
2020-10-21,40.02999878
2020-10-22,40.63999939
2020-10-23,39.84999847
2020-10-26,38.56000137
2020-10-27,39.56999969
2020-10-28,37.38999939
2020-10-29,36.16999817
2020-10-30,35.79000092
2020-11-02,36.81000137
2020-11-03,37.65999985
2020-11-04,39.15000153
2020-11-05,38.79000092
2020-11-06,37.13999939
2020-11-09,40.29000092
2020-11-10,41.36000061
2020-11-11,41.45000076
2020-11-12,41.11999893
2020-11-13,40.13000107
2020-11-16,41.34000015
2020-11-17,41.43000031
2020-11-18,41.81999969
2020-11-19,41.74000168
2020-11-20,42.15000153
2020-11-23,43.06000137
2020-11-24,44.90999985
2020-11-25,45.70999908
2020-11-27,45.52999878
2020-11-30,45.34000015
2020-12-01,44.54999924
2020-12-02,45.27999878
2020-12-03,45.63999939
2020-12-04,46.25999832
2020-12-07,45.75999832
2020-12-08,45.59999847
2020-12-09,45.52000046
2020-12-10,46.77999878
2020-12-11,46.56999969
2020-12-14,46.99000168
2020-12-15,47.61999893
2020-12-16,47.81999969
2020-12-17,48.36000061
2020-12-18,49.09999847
2020-12-21,47.74000168
2020-12-22,47.02000046
2020-12-23,48.11999893
2020-12-24,48.22999954
2020-12-28,47.61999893
2020-12-29,48
2020-12-30,48.40000153
2020-12-31,48.52000046
2021-01-04,47.61999893
2021-01-05,49.93000031
2021-01-06,50.63000107
2021-01-07,50.83000183
2021-01-08,52.24000168
2021-01-11,52.25
2021-01-12,53.20999908
2021-01-13,52.90999985
2021-01-14,53.56999969
2021-01-15,52.36000061
2021-01-19,52.97999954
2021-01-20,53.24000168
2021-01-21,53.13000107
2021-01-22,52.27000046
2021-01-25,52.77000046
2021-01-26,52.61000061
2021-01-27,52.84999847
2021-01-28,52.34000015
2021-01-29,52.20000076
2021-02-01,53.54999924
2021-02-02,54.75999832
2021-02-03,55.68999863
2021-02-04,56.22999954
2021-02-05,56.84999847
2021-02-08,57.97000122
2021-02-09,58.36000061
2021-02-10,58.68000031
2021-02-11,58.24000168
2021-02-12,59.47000122
2021-02-16,60.04999924
2021-02-17,61.13999939
2021-02-18,60.52000046
2021-02-19,59.24000168
2021-02-22,61.49000168
2021-02-23,61.66999817
2021-02-24,63.22000122
2021-02-25,63.52999878
2021-02-26,61.5
2021-03-01,60.63999939
2021-03-02,59.75
2021-03-03,61.27999878
2021-03-04,63.83000183
2021-03-05,66.08999634
2021-03-08,65.05000305
2021-03-09,64.01000214
2021-03-10,64.44000244
2021-03-11,66.01999664
2021-03-12,65.61000061
2021-03-15,65.38999939
2021-03-16,64.80000305
2021-03-17,64.59999847
2021-03-18,60
2021-03-19,61.41999817
2021-03-22,61.54999924
2021-03-23,57.75999832
2021-03-24,61.18000031
2021-03-25,58.56000137
2021-03-26,60.97000122
2021-03-29,61.56000137
2021-03-30,60.54999924
2021-03-31,59.15999985
2021-04-01,61.45000076
2021-04-05,58.65000153
2021-04-06,59.33000183
2021-04-07,59.77000046
2021-04-08,59.59999847
2021-04-09,59.31999969
2021-04-12,59.70000076
2021-04-13,60.18000031
2021-04-14,63.15000153
2021-04-15,63.45999908
2021-04-16,63.13000107
2021-04-19,63.38000107
2021-04-20,62.43999863
2021-04-21,61.34999847
2021-04-22,61.43000031
2021-04-23,62.13999939
2021-04-26,61.90999985
2021-04-27,62.93999863
2021-04-28,63.86000061
2021-04-29,65.01000214
2021-04-30,63.58000183
2021-05-03,64.48999786
2021-05-04,65.69000244
2021-05-05,65.62999725
2021-05-06,64.70999908
2021-05-07,64.90000153
2021-05-10,64.91999817
2021-05-11,65.27999878
2021-05-12,66.08000183
2021-05-13,63.81999969
2021-05-14,65.37000275
2021-05-17,66.26999664
2021-05-18,65.48999786
2021-05-19,63.36000061
2021-05-20,62.04999924
2021-05-21,63.58000183
2021-05-24,66.05000305
2021-05-25,66.06999969
2021-05-26,66.20999908
2021-05-27,66.84999847
2021-05-28,66.31999969
2021-06-01,67.72000122
2021-06-02,68.83000183
2021-06-03,68.80999756
2021-06-04,69.62000275
2021-06-07,69.23000336
2021-06-08,70.05000305
2021-06-09,69.95999908
2021-06-10,70.29000092
2021-06-11,70.91000366
2021-06-14,70.87999725
2021-06-15,72.12000275
2021-06-16,72.15000153
2021-06-17,71.04000092
2021-06-18,71.63999939
2021-06-21,73.66000366
2021-06-22,73.05999756
2021-06-23,73.08000183
2021-06-24,73.30000305
2021-06-25,74.05000305
2021-06-28,72.91000366
2021-06-29,72.98000336
2021-06-30,73.47000122
2021-07-01,75.23000336
2021-07-02,75.16000366
2021-07-06,73.37000275
2021-07-07,72.19999695
2021-07-08,72.94000244
2021-07-09,74.55999756
2021-07-12,74.09999847
2021-07-13,75.25
2021-07-14,73.12999725
2021-07-15,71.65000153
2021-07-16,71.80999756
2021-07-19,66.41999817
2021-07-20,67.41999817
2021-07-21,70.30000305
2021-07-22,71.91000366
2021-07-23,72.06999969
2021-07-26,71.91000366
2021-07-27,71.65000153
2021-07-28,72.38999939
2021-07-29,73.62000275
2021-07-30,73.94999695
2021-08-02,71.26000214
2021-08-03,70.55999756
2021-08-04,68.15000153
2021-08-05,69.08999634
2021-08-06,68.27999878
2021-08-09,66.48000336
2021-08-10,68.29000092
2021-08-11,69.25
2021-08-12,69.08999634
2021-08-13,68.44000244
2021-08-16,67.29000092
2021-08-17,66.58999634
2021-08-18,65.45999908
2021-08-19,63.68999863
2021-08-20,62.31999969
2021-08-23,65.63999939
2021-08-24,67.54000092
2021-08-25,68.36000061
2021-08-26,67.41999817
2021-08-27,68.73999786
2021-08-30,69.20999908
2021-08-31,68.5
2021-09-01,68.58999634
2021-09-02,69.98999786
2021-09-03,69.29000092
2021-09-07,68.34999847
2021-09-08,69.30000305
2021-09-09,68.13999939
2021-09-10,69.72000122
2021-09-13,70.44999695
2021-09-14,70.45999908
2021-09-15,72.61000061
2021-09-17,71.97000122
2021-09-20,70.29000092
2021-09-21,70.55999756
2021-09-22,72.23000336
2021-09-23,73.30000305
2021-09-24,73.98000336
2021-09-27,75.44999695
2021-09-28,75.29000092
2021-09-29,74.83000183
2021-09-30,75.02999878
2021-10-01,75.87999725
2021-10-04,77.62000275
2021-10-05,78.93000031
2021-10-06,77.43000031
2021-10-07,78.30000305
2021-10-08,79.34999847
2021-10-11,80.51999664
2021-10-12,80.63999939
2021-10-13,80.44000244
2021-10-14,81.30999756
2021-10-15,82.27999878
2021-10-18,82.44000244
2021-10-19,82.95999908
2021-10-20,83.87000275
2021-10-21,82.5
2021-10-22,83.76000214
2021-10-26,84.65000153
2021-10-27,82.66000366
2021-10-28,82.80999756
2021-10-29,83.56999969
2021-11-01,84.05000305
2021-11-02,83.91000366
2021-11-03,80.86000061
2021-11-04,78.80999756
2021-11-05,81.26999664
2021-11-08,81.93000031
2021-11-09,84.15000153
2021-11-10,81.33999634
2021-11-11,81.58999634
2021-11-12,80.79000092
2021-11-15,80.87999725
2021-11-16,80.76000214
2021-11-17,78.36000061
2021-11-18,79.01000214
2021-11-19,76.09999847
2021-11-22,76.75
2021-11-23,78.5
2021-11-24,78.38999939
2021-11-26,68.15000153
2021-11-29,69.94999695
2021-11-30,66.18000031
2021-12-01,65.56999969
2021-12-02,66.5
2021-12-03,66.26000214
2021-12-06,69.48999786
2021-12-07,72.05000305
2021-12-08,72.36000061
2021-12-09,70.94000244
2021-12-10,71.66999817
2021-12-13,71.29000092
2021-12-14,70.73000336
2021-12-15,70.87000275
2021-12-16,72.37999725
2021-12-17,70.86000061
2021-12-20,68.23000336
2021-12-21,71.12000275
2021-12-22,72.76000214
2021-12-23,73.79000092
2021-12-27,75.56999969
2021-12-28,75.98000336
2021-12-29,76.55999756
2021-12-30,76.98999786
2021-12-31,75.20999908
2022-01-03,76.08000183
2022-01-04,76.98999786
2022-01-05,77.84999847
2022-01-06,79.45999908
2022-01-07,78.90000153
2022-01-10,78.23000336
2022-01-11,81.22000122
2022-01-12,82.63999939
2022-01-13,82.12000275
2022-01-14,83.81999969
2022-01-18,85.43000031
2022-01-19,86.95999908
2022-01-20,86.90000153
2022-01-21,85.13999939
2022-01-24,83.30999756
2022-01-25,85.59999847
2022-01-26,87.34999847
2022-01-27,86.61000061
2022-01-28,86.81999969
2022-01-31,88.15000153
2022-02-01,88.19999695
2022-02-02,88.26000214
2022-02-03,90.26999664
2022-02-04,92.30999756
2022-02-07,91.31999969
2022-02-08,89.36000061
2022-02-09,89.66000366
2022-02-10,89.87999725
2022-02-11,93.09999847
2022-02-14,95.45999908
2022-02-15,92.06999969
2022-02-16,93.66000366
2022-02-17,91.76000214
2022-02-18,91.06999969
2022-02-22,92.34999847
2022-02-23,92.09999847
2022-02-24,92.80999756
2022-02-25,91.58999634
2022-02-28,95.72000122
2022-03-01,103.4100037
2022-03-02,110.5999985
2022-03-03,107.6699982
2022-03-04,115.6800003
2022-03-07,119.4000015
2022-03-08,123.6999969
2022-03-09,108.6999969
2022-03-10,106.0199966
2022-03-11,109.3300018
2022-03-14,103.0100021
2022-03-15,96.44000244
2022-03-16,95.04000092
2022-03-17,102.9800034
2022-03-18,104.6999969
2022-03-21,112.1200027
2022-03-22,111.7600021
2022-03-23,114.9300003
2022-03-24,112.3399963
2022-03-25,113.9000015
2022-03-28,105.9599991
2022-03-29,104.2399979
2022-03-30,107.8199997
2022-03-31,100.2799988
2022-04-01,99.26999664
2022-04-04,103.2799988
2022-04-05,101.9599991
2022-04-06,96.23000336
2022-04-07,96.02999878
2022-04-08,98.26000214
2022-04-11,94.29000092
2022-04-12,100.5999985
2022-04-13,104.25
2022-04-14,106.9499969
2022-04-18,108.2099991
2022-04-19,102.5599976
2022-04-20,102.75
2022-04-21,103.7900009
2022-04-22,102.0699997
2022-04-25,98.54000092
2022-04-26,101.6999969
2022-04-27,102.0199966
2022-04-28,105.3600006
2022-04-29,104.6900024
2022-05-02,105.1699982
2022-05-03,102.4100037
2022-05-04,107.8099976
2022-05-05,108.2600021
2022-05-06,109.7699966
2022-05-09,103.0899963
2022-05-10,99.76000214
2022-05-11,105.7099991
2022-05-12,106.1299973
2022-05-13,110.4899979
2022-05-16,114.1999969
2022-05-17,112.4000015
2022-05-18,109.5899963
2022-05-19,112.2099991
2022-05-20,113.2300034
2022-05-23,110.2900009
2022-05-24,109.7699966
2022-05-25,110.3300018
2022-05-26,114.0899963
2022-05-27,115.0699997
2022-05-31,114.6699982
2022-06-01,115.2600021
2022-06-02,116.8700027
2022-06-03,118.8700027
2022-06-06,118.5
2022-06-07,119.4100037
2022-06-08,122.1100006
2022-06-09,121.5100021
2022-06-10,120.6699982
2022-06-13,120.9300003
2022-06-14,118.9300003
2022-06-15,115.3099976
2022-06-16,117.5899963
2022-06-17,109.5599976
2022-06-21,110.6500015
2022-06-22,106.1900024
2022-06-23,104.2699966
2022-06-24,107.6200027
2022-06-27,109.5699997
2022-06-28,111.7600021
2022-06-29,109.7799988
2022-06-30,105.7600021
2022-07-01,108.4300003
2022-07-05,99.5
2022-07-06,98.52999878
2022-07-07,102.7300034
2022-07-08,104.7900009
2022-07-11,104.0899963
2022-07-12,95.83999634
2022-07-13,96.30000305
2022-07-14,95.77999878
2022-07-15,97.58999634
2022-07-18,102.5999985
2022-07-19,104.2200012
2022-07-20,102.2600021
2022-07-21,96.34999847
2022-07-22,94.69999695
2022-07-25,96.69999695
2022-07-26,94.98000336
2022-07-27,97.26000214
2022-07-28,96.41999817
2022-07-29,98.62000275
2022-08-01,93.88999939
2022-08-02,94.41999817
2022-08-03,90.66000366
2022-08-04,88.54000092
2022-08-05,89.01000214
2022-08-08,90.76000214
2022-08-09,90.5
2022-08-10,91.93000031
2022-08-11,94.33999634
2022-08-12,92.08999634
2022-08-15,89.41000366
2022-08-16,86.52999878
2022-08-17,88.11000061
2022-08-18,90.5
2022-08-19,90.76999664
2022-08-22,90.23000336
2022-08-23,93.73999786
2022-08-24,94.88999939
2022-08-25,92.51999664
2022-08-26,93.05999756
2022-08-29,97.01000214
2022-08-30,91.63999939
2022-08-31,89.55000305
2022-09-01,86.61000061
2022-09-02,86.87000275
2022-09-06,86.87999725
2022-09-07,81.94000244
2022-09-08,83.54000092
2022-09-09,86.79000092
2022-09-12,87.77999878
2022-09-13,87.30999756
2022-09-14,88.48000336
2022-09-15,85.09999847
2022-09-16,85.11000061
2022-09-19,85.73000336
2022-09-20,84.44999695
2022-09-21,82.94000244
2022-09-22,83.48999786
2022-09-23,78.73999786
2022-09-26,76.70999908
2022-09-27,78.5
2022-09-28,82.15000153
2022-09-29,81.23000336
2022-09-30,79.48999786
2022-10-03,83.62999725
2022-10-04,86.51999664
2022-10-05,87.76000214
2022-10-06,88.44999695
2022-10-07,92.63999939
2022-10-10,91.12999725
2022-10-11,89.34999847
2022-10-12,87.26999664
2022-10-13,89.11000061
2022-10-14,85.61000061
2022-10-17,85.45999908
2022-10-18,82.81999969
2022-10-19,85.55000305
2022-10-20,85.98000336
2022-10-21,85.05000305
2022-10-24,84.58000183
2022-10-25,85.31999969
2022-10-26,87.91000366
2022-10-27,89.08000183
2022-10-28,87.90000153
2022-10-31,86.52999878
2022-11-01,88.37000275
2022-11-02,90
2022-11-03,88.16999817
2022-11-04,92.61000061
2022-11-07,91.79000092
2022-11-08,88.91000366
2022-11-09,85.83000183
2022-11-10,86.47000122
2022-11-11,88.95999908
2022-11-14,85.87000275
2022-11-15,86.91999817
2022-11-16,85.58999634
2022-11-17,81.63999939
2022-11-18,80.08000183
2022-11-21,79.73000336
2022-11-22,80.94999695
2022-11-23,77.94000244
2022-11-25,76.27999878
2022-11-28,77.23999786
2022-11-29,78.19999695
2022-11-30,80.55000305
2022-12-01,81.22000122
2022-12-02,79.98000336
2022-12-05,76.93000031
2022-12-06,74.25
2022-12-07,72.01000214
2022-12-08,71.45999908
2022-12-09,71.01999664
2022-12-12,73.16999817
2022-12-13,75.38999939
2022-12-14,77.27999878
2022-12-15,76.11000061
2022-12-16,74.29000092
2022-12-19,75.19000244
2022-12-20,76.08999634
2022-12-21,78.29000092
2022-12-22,77.48999786
2022-12-23,79.55999756
2022-12-27,79.52999878
2022-12-28,78.95999908
2022-12-29,78.40000153
2022-12-30,80.26000214
2023-01-03,76.93000031
2023-01-04,72.83999634
2023-01-05,73.66999817
2023-01-06,73.76999664
2023-01-09,74.62999725
2023-01-10,75.12000275
2023-01-11,77.41000366
2023-01-12,78.38999939
2023-01-13,79.86000061
2023-01-17,80.18000031
2023-01-18,79.48000336
2023-01-19,80.33000183
2023-01-20,81.30999756
2023-01-23,81.62000275
2023-01-24,80.12999725
2023-01-25,80.15000153
2023-01-26,81.01000214
2023-01-27,79.68000031
2023-01-30,77.90000153
2023-01-31,78.87000275
2023-02-01,76.41000366
2023-02-02,75.87999725
2023-02-03,73.38999939
2023-02-06,74.11000061
2023-02-07,77.13999939
2023-02-08,78.47000122
2023-02-09,78.05999756
2023-02-10,79.72000122
2023-02-13,80.13999939
2023-02-14,79.05999756
2023-02-15,78.58999634
2023-02-16,78.48999786
2023-02-17,76.33999634
2023-02-21,76.16000366
2023-02-22,73.94999695
2023-02-23,75.38999939
2023-02-24,76.31999969
2023-02-27,75.68000031
2023-02-28,77.05000305
2023-03-01,77.69000244
2023-03-02,78.16000366
2023-03-03,79.68000031
2023-03-06,80.45999908
2023-03-07,77.58000183
2023-03-08,76.66000366
2023-03-09,75.72000122
2023-03-10,76.68000031
2023-03-13,74.80000305
2023-03-14,71.33000183
2023-03-15,67.61000061
2023-03-16,68.34999847
2023-03-17,66.73999786
2023-03-20,67.63999939
2023-03-21,69.33000183
2023-03-22,70.90000153
2023-03-23,69.95999908
2023-03-24,69.26000214
2023-03-27,72.80999756
2023-03-28,73.19999695
2023-03-29,72.97000122
2023-03-30,74.37000275
2023-03-31,75.66999817
2023-04-03,80.41999817
2023-04-04,80.70999908
2023-04-05,80.61000061
2023-04-06,80.69999695
2023-04-10,79.73999786
2023-04-11,81.52999878
2023-04-12,83.26000214
2023-04-13,82.16000366
2023-04-14,82.51999664
2023-04-17,80.83000183
2023-04-18,80.86000061
2023-04-19,79.16000366
2023-04-20,77.29000092
2023-04-21,77.87000275
2023-04-24,78.76000214
2023-04-25,77.06999969
2023-04-26,74.30000305
2023-04-27,74.76000214
2023-04-28,76.77999878
2023-05-01,75.66000366
2023-05-02,71.66000366
2023-05-03,68.59999847
2023-05-04,68.55999756
2023-05-05,71.33999634
2023-05-08,73.16000366
2023-05-09,73.70999908
2023-05-10,72.55999756
2023-05-11,70.87000275
2023-05-12,70.04000092
2023-05-15,71.11000061
2023-05-16,70.86000061
2023-05-17,72.83000183
2023-05-18,71.86000061
2023-05-19,71.55000305
2023-05-22,71.98999786
2023-05-23,72.91000366
2023-05-24,74.33999634
2023-05-25,71.83000183
2023-05-26,72.66999817
2023-05-30,69.45999908
2023-05-31,68.08999634
2023-06-01,70.09999847
2023-06-02,71.73999786
2023-06-05,72.15000153
2023-06-06,71.73999786
2023-06-07,72.52999878
2023-06-08,71.29000092
2023-06-09,70.16999817
2023-06-12,67.12000275
2023-06-13,69.41999817
2023-06-14,68.26999664
2023-06-15,70.62000275
2023-06-16,71.77999878
2023-06-20,70.5
2023-06-21,72.52999878
2023-06-22,69.51000214
2023-06-23,69.16000366
2023-06-26,69.37000275
2023-06-27,67.69999695
2023-06-28,69.55999756
2023-06-29,69.86000061
2023-06-30,70.63999939
2023-07-03,69.79000092
2023-07-05,71.79000092
2023-07-06,71.80000305
2023-07-07,73.86000061
2023-07-10,72.98999786
2023-07-11,74.83000183
2023-07-12,75.75
2023-07-13,76.88999939
2023-07-14,75.41999817
2023-07-17,74.15000153
2023-07-18,75.75
2023-07-19,75.34999847
2023-07-20,75.62999725
2023-07-21,77.06999969
2023-07-24,78.73999786
2023-07-25,79.62999725
2023-07-26,78.77999878
2023-07-27,80.08999634
2023-07-28,80.58000183
2023-07-31,81.80000305
2023-08-01,81.37000275
2023-08-02,79.48999786
2023-08-03,81.55000305
2023-08-04,82.81999969
2023-08-07,81.94000244
2023-08-08,82.91999817
2023-08-09,84.40000153
2023-08-10,82.81999969
2023-08-11,83.19000244
2023-08-14,82.51000214
2023-08-15,80.98999786
2023-08-16,79.37999725
2023-08-17,80.38999939
2023-08-18,81.25
2023-08-21,80.72000122
2023-08-22,80.34999847
2023-08-23,78.88999939
2023-08-24,79.05000305
2023-08-25,79.83000183
2023-08-28,80.09999847
2023-08-29,81.16000366
2023-08-30,81.62999725
2023-08-31,83.62999725
2023-09-01,85.55000305
2023-09-05,86.69000244
2023-09-06,87.54000092
2023-09-07,86.87000275
2023-09-08,87.51000214
2023-09-11,87.29000092
2023-09-12,88.83999634
2023-09-13,88.51999664
2023-09-14,90.16000366
2023-09-15,90.76999664
2023-09-18,91.48000336
2023-09-19,91.19999695
2023-09-20,90.27999878
2023-09-21,89.62999725
2023-09-22,90.02999878
2023-09-25,89.68000031
2023-09-26,90.38999939
2023-09-27,93.68000031
2023-09-28,91.70999908
2023-09-29,90.79000092
2023-10-02,88.81999969
2023-10-03,89.23000336
2023-10-04,84.22000122
2023-10-05,82.30999756
2023-10-06,82.79000092
2023-10-09,86.37999725
2023-10-10,85.97000122
2023-10-11,83.48999786
2023-10-12,82.91000366
2023-10-13,87.69000244
2023-10-16,86.66000366
2023-10-18,88.31999969
2023-10-19,89.37000275
2023-10-20,88.75
2023-10-23,85.48999786
2023-10-24,83.73999786
2023-10-25,85.38999939
2023-10-26,83.20999908
2023-10-27,85.54000092
2023-10-30,82.30999756
2023-10-31,81.01999664
2023-11-01,80.44000244
2023-11-02,82.45999908
2023-11-03,80.51000214
2023-11-06,80.81999969
2023-11-07,77.37000275
2023-11-08,75.33000183
2023-11-09,75.73999786
2023-11-10,77.16999817
2023-11-13,78.26000214
2023-11-15,76.66000366
2023-11-16,72.90000153
2023-11-17,75.88999939
2023-11-20,77.59999847
2023-11-21,77.76999664
2023-11-22,77.09999847
2023-11-24,75.54000092
2023-11-27,74.86000061
2023-11-28,76.41000366
2023-11-29,77.86000061
2023-11-30,75.95999908
2023-12-01,74.06999969
2023-12-04,73.04000092
2023-12-05,72.31999969
2023-12-06,69.37999725
2023-12-07,69.33999634
2023-12-08,71.23000336
2023-12-11,71.31999969
2023-12-12,68.61000061
2023-12-13,69.47000122
2023-12-14,71.58000183
2023-12-15,71.43000031
2023-12-18,72.47000122
2023-12-19,73.44000244
2023-12-20,74.22000122
2023-12-21,73.88999939
2023-12-22,73.55999756
2023-12-26,75.56999969
2023-12-27,74.11000061
2023-12-28,71.76999664
2023-12-29,71.65000153
2024-01-02,70.37999725
2024-01-03,72.69999695
2024-01-04,72.19000244
2024-01-05,73.80999756
2024-01-08,70.76999664
2024-01-09,72.23999786
2024-01-10,71.37000275
2024-01-11,72.01999664
2024-01-12,72.68000031
2024-01-16,72.40000153
2024-01-17,72.55999756
2024-01-18,74.08000183
2024-01-19,73.41000366
2024-01-22,75.19000244
2024-01-23,74.37000275
2024-01-24,75.08999634
2024-01-25,77.36000061
2024-01-26,78.01000214
2024-01-29,76.77999878
2024-01-30,77.81999969
2024-01-31,75.84999847
2024-02-01,73.81999969
2024-02-02,72.27999878
2024-02-05,72.77999878
2024-02-06,73.30999756
2024-02-07,73.86000061
2024-02-08,76.22000122
2024-02-09,76.83999634
2024-02-12,76.91999817
2024-02-13,77.87000275
2024-02-14,76.63999939
2024-02-15,78.02999878
2024-02-16,79.19000244
2024-02-20,78.18000031
2024-02-21,77.91000366
2024-02-22,78.61000061
2024-02-23,76.48999786
2024-02-26,77.58000183
2024-02-27,78.87000275
2024-02-28,78.54000092
2024-02-29,78.26000214
2024-03-01,79.97000122
2024-03-04,78.73999786
2024-03-05,78.15000153
2024-03-06,79.12999725
2024-03-07,78.93000031
2024-03-08,78.01000214
2024-03-11,77.93000031
2024-03-12,77.55999756
2024-03-13,79.72000122
2024-03-14,81.26000214
2024-03-15,81.04000092
2024-03-18,82.72000122
2024-03-19,83.47000122
2024-03-20,81.68000031
2024-03-21,81.06999969
2024-03-22,80.62999725
2024-03-25,81.94999695
2024-03-26,81.62000275
2024-03-27,81.34999847
2024-03-28,83.16999817
2024-04-01,83.70999908
2024-04-02,85.15000153
2024-04-03,85.43000031
2024-04-04,86.58999634
2024-04-05,86.91000366
2024-04-08,86.43000031
2024-04-09,85.23000336
2024-04-10,86.20999908
2024-04-11,85.01999664
2024-04-12,85.66000366
2024-04-15,85.41000366
2024-04-16,85.36000061
2024-04-17,82.69000244
2024-04-18,82.73000336
2024-04-19,83.13999939
2024-04-22,82.84999847
2024-04-23,83.36000061
2024-04-24,82.80999756
2024-04-25,83.56999969
2024-04-26,83.84999847
2024-04-29,82.62999725
2024-04-30,81.93000031
2024-05-01,79
2024-05-02,78.94999695
2024-05-03,78.11000061
2024-05-06,78.48000336
2024-05-07,78.37999725
2024-05-08,78.98999786
2024-05-09,79.26000214
2024-05-10,78.26000214
2024-05-13,79.12000275
2024-05-14,78.01999664
2024-05-15,78.62999725
2024-05-16,79.23000336
2024-05-17,80.05999756
2024-05-20,79.80000305
2024-05-21,79.26000214
2024-05-22,77.56999969
2024-05-23,76.87000275
2024-05-24,77.72000122
2024-05-28,79.83000183
2024-05-29,79.23000336
2024-05-30,77.91000366
2024-05-31,76.98999786
2024-06-03,74.22000122
2024-06-04,73.25
2024-06-05,74.06999969
2024-06-06,75.55000305
2024-06-07,75.52999878
2024-06-10,77.73999786
2024-06-11,77.90000153
2024-06-12,78.5
2024-06-13,78.62000275
2024-06-14,78.44999695
2024-06-17,80.33000183
2024-06-18,81.56999969
2024-06-20,82.16999817
2024-06-21,80.73000336
2024-06-24,81.62999725
2024-06-25,80.83000183
2024-06-26,80.90000153
2024-06-27,81.73999786
2024-06-28,81.54000092
2024-07-01,83.37999725
2024-07-02,82.80999756
2024-07-03,83.87999725
2024-07-05,83.16000366
2024-07-08,82.33000183
2024-07-09,81.41000366
2024-07-10,82.09999847
2024-07-11,82.62000275
2024-07-12,82.20999908
2024-07-15,81.91000366
2024-07-16,80.76000214
2024-07-17,82.84999847
2024-07-18,82.81999969
2024-07-19,80.12999725
2024-07-22,79.77999878
2024-07-23,76.95999908
2024-07-24,77.58999634
2024-07-25,78.27999878
2024-07-26,77.16000366
2024-07-29,75.80999756
2024-07-30,74.73000336
2024-07-31,77.91000366
2024-08-01,76.30999756
2024-08-02,73.51999664
2024-08-05,72.94000244
2024-08-06,73.19999695
2024-08-07,75.23000336
2024-08-08,76.19000244
2024-08-09,76.83999634
2024-08-12,80.05999756
2024-08-13,78.34999847
2024-08-14,76.98000336
2024-08-15,78.16000366
2024-08-16,76.65000153
2024-08-19,74.37000275
2024-08-20,74.04000092
2024-08-21,71.93000031
2024-08-22,73.01000214
2024-08-23,74.83000183
2024-08-26,77.41999817
2024-08-27,75.52999878
2024-08-28,74.51999664
2024-08-29,75.91000366
2024-08-30,73.55000305
2024-09-03,70.33999634
2024-09-04,69.19999695
2024-09-05,69.15000153
2024-09-06,67.66999817
2024-09-09,68.70999908
2024-09-10,65.75
2024-09-11,67.30999756
2024-09-12,68.97000122
2024-09-13,68.65000153
2024-09-16,70.08999634
2024-09-17,71.19000244
2024-09-18,70.91000366
2024-09-19,71.94999695
2024-09-20,71.91999817
2024-09-23,70.37000275
2024-09-24,71.55999756
2024-09-25,69.69000244
2024-09-26,67.66999817
2024-09-27,68.18000031
2024-09-30,68.16999817
2024-10-01,69.83000183
2024-10-02,70.09999847
2024-10-03,73.70999908
2024-10-04,74.37999725
2024-10-07,77.13999939
2024-10-08,73.56999969
2024-10-09,73.23999786
2024-10-10,75.84999847
2024-10-11,75.55999756
2024-10-14,73.83000183
2024-10-15,70.58000183
2024-10-16,70.38999939
2024-10-17,70.66999817
2024-10-18,69.22000122
2024-10-21,70.55999756
2024-10-22,72.08999634
2024-10-23,70.76999664
2024-10-24,70.19000244
2024-10-25,71.77999878
2024-10-28,67.37999725
2024-10-29,67.20999908
2024-10-30,68.61000061
2024-10-31,69.26000214
2024-11-01,69.48999786
2024-11-04,71.47000122
2024-11-05,71.98999786
2024-11-06,71.69000244
2024-11-07,72.36000061
2024-11-08,70.37999725
2024-11-11,68.04000092
2024-11-12,68.12000275
2024-11-13,68.43000031
2024-11-14,68.69999695
2024-11-15,67.01999664
2024-11-18,69.16000366
2024-11-19,69.38999939
2024-11-20,68.87000275
2024-11-21,70.09999847
2024-11-22,71.23999786
2024-11-25,68.94000244
2024-11-26,68.76999664
2024-11-27,68.72000122
2024-11-29,68
2024-12-02,68.09999847
2024-12-03,69.94000244
2024-12-04,68.54000092
2024-12-05,68.30000305
2024-12-06,67.19999695
2024-12-09,68.37000275
2024-12-10,68.58999634
2024-12-11,70.29000092
2024-12-12,70.01999664
2024-12-13,71.29000092
2024-12-16,70.70999908
2024-12-17,70.08000183
2024-12-18,70.58000183
2024-12-19,69.91000366
2024-12-20,69.45999908
2024-12-23,69.23999786
2024-12-24,70.09999847
2024-12-26,69.62000275
2024-12-27,70.59999847
2024-12-30,70.98999786
2024-12-31,71.72000122
2025-01-02,73.12999725
2025-01-03,73.95999908
2025-01-06,73.55999756
2025-01-07,74.25
2025-01-08,73.31999969
2025-01-09,73.91999817
2025-01-10,76.56999969
2025-01-13,78.81999969
2025-01-14,77.5
2025-01-15,80.04000092
2025-01-16,78.68000031
2025-01-17,77.87999725
2025-01-21,75.88999939
2025-01-22,75.44000244
2025-01-23,74.62000275
2025-01-24,74.66000366
2025-01-27,73.16999817
2025-01-28,73.76999664
2025-01-29,72.62000275
2025-01-30,72.73000336
2025-01-31,72.52999878
2025-02-03,73.16000366
2025-02-04,72.69999695
2025-02-05,71.02999878
2025-02-06,70.61000061
2025-02-07,71
2025-02-10,72.31999969
2025-02-11,73.31999969
2025-02-12,71.37000275
2025-02-13,71.29000092
2025-02-14,70.73999786
2025-02-18,71.84999847
2025-02-19,72.25
2025-02-20,72.56999969
2025-02-21,70.40000153
2025-02-24,70.69999695
2025-02-25,68.93000031
2025-02-26,68.62000275
2025-02-27,70.34999847
2025-02-28,69.76000214
2025-03-03,68.37000275
2025-03-04,68.26000214
2025-03-05,66.30999756
2025-03-06,66.36000061
2025-03-07,67.04000092
2025-03-10,66.02999878
2025-03-11,66.25
2025-03-12,67.68000031
2025-03-13,66.55000305
2025-03-14,67.18000031
2025-03-17,67.58000183
2025-03-18,66.90000153
2025-03-19,67.16000366
2025-03-20,68.26000214
2025-03-21,68.27999878
2025-03-24,69.11000061
2025-03-25,69
2025-03-26,69.65000153
