date,gsec_10y_yield
2015-04-01,1334.2
2015-04-02,1334.49
2015-04-03,1334.77
2015-04-06,1337.01
2015-04-07,1331.73
2015-04-08,1332.05
2015-04-09,1333.36
2015-04-10,1331.4
2015-04-13,1332.65
2015-04-14,1332.94
2015-04-15,1334.39
2015-04-16,1333.27
2015-04-17,1334.22
2015-04-20,1334.76
2015-04-21,1336.82
2015-04-22,1338.82
2015-04-23,1338.73
2015-04-24,1336.46
2015-04-27,1338.08
2015-04-28,1339.76
2015-04-29,1335.58
2015-04-30,1332.13
2015-05-01,1332.41
2015-05-04,1333.27
2015-05-05,1334.38
2015-05-06,1331.21
2015-05-07,1323.06
2015-05-08,1324.63
2015-05-11,1333.06
2015-05-12,1328.06
2015-05-13,1327.72
2015-05-14,1329.56
2015-05-15,1329.2
2015-05-18,1334.08
2015-05-19,1337.68
2015-05-20,1338.23
2015-05-21,1336.76
2015-05-22,1338.58
2015-05-25,1338.91
2015-05-26,1336.97
2015-05-27,1339.15
2015-05-28,1340.58
2015-05-29,1344.1
2015-06-01,1344.11
2015-06-02,1335.33
2015-06-03,1333.92
2015-06-04,1329.49
2015-06-05,1331.94
2015-06-08,1331.47
2015-06-09,1332.82
2015-06-10,1329.9
2015-06-11,1325.25
2015-06-12,1324.87
2015-06-15,1327.83
2015-06-16,1326.35
2015-06-17,1329.94
2015-06-18,1337.8
2015-06-19,1342.96
2015-06-22,1341.35
2015-06-23,1340.57
2015-06-24,1335.78
2015-06-25,1334.33
2015-06-26,1334.75
2015-06-29,1329.73
2015-06-30,1332.32
2015-07-01,1336.58
2015-07-02,1337.4
2015-07-03,1338.76
2015-07-06,1343.69
2015-07-07,1341.57
2015-07-08,1341.79
2015-07-09,1341.14
2015-07-10,1340.49
2015-07-13,1335.48
2015-07-14,1339.7
2015-07-15,1338.62
2015-07-16,1338.34
2015-07-17,1339.89
2015-07-20,1339.81
2015-07-21,1340.57
2015-07-22,1341.53
2015-07-23,1344.08
2015-07-24,1341.93
2015-07-27,1342.89
2015-07-28,1345.31
2015-07-29,1345.2
2015-07-30,1344.13
2015-07-31,1345.82
2015-08-03,1346.01
2015-08-04,1343.93
2015-08-05,1344.51
2015-08-06,1347.54
2015-08-07,1347.55
2015-08-10,1350.29
2015-08-11,1349.91
2015-08-12,1350.22
2015-08-13,1355.15
2015-08-14,1355.26
2015-08-17,1356.29
2015-08-18,1356.58
2015-08-19,1357.16
2015-08-20,1356.88
2015-08-21,1353.83
2015-08-24,1344.94
2015-08-25,1352.3
2015-08-26,1354.53
2015-08-27,1357.15
2015-08-28,1356.47
2015-08-31,1356.34
2015-09-01,1359.67
2015-09-02,1359.98
2015-09-03,1360.67
2015-09-04,1360.32
2015-09-07,1356.88
2015-09-08,1359.9
2015-09-09,1360.58
2015-09-10,1360.34
2015-09-11,1360.76
2015-09-14,1363.08
2015-09-15,1363.17
2015-09-16,1363.76
2015-09-17,1364.05
2015-09-18,1369.4
2015-09-21,1369.72
2015-09-22,1368.95
2015-09-23,1369.2
2015-09-24,1369.55
2015-09-25,1369.83
2015-09-28,1369.76
2015-09-29,1380.3
2015-09-30,1387.16
2015-10-01,1385.41
2015-10-02,1385.69
2015-10-05,1390.99
2015-10-06,1389.91
2015-10-07,1388.96
2015-10-08,1389.72
2015-10-09,1389.2
2015-10-12,1386.86
2015-10-13,1389.01
2015-10-14,1389.86
2015-10-15,1390.58
2015-10-16,1389.46
2015-10-19,1389.66
2015-10-20,1389.31
2015-10-21,1389.13
2015-10-22,1389.42
2015-10-23,1389.6
2015-10-26,1388.06
2015-10-27,1389.01
2015-10-28,1390.47
2015-10-29,1387.32
2015-10-30,1386.37
2015-11-02,1388.17
2015-11-03,1386.93
2015-11-04,1386.68
2015-11-05,1384.62
2015-11-06,1384.37
2015-11-09,1381.63
2015-11-10,1385.78
2015-11-11,1386.07
2015-11-12,1386.36
2015-11-13,1389.85
2015-11-16,1390.11
2015-11-17,1389.1
2015-11-18,1388.28
2015-11-19,1389.3
2015-11-20,1387.31
2015-11-23,1386.58
2015-11-24,1387.87
2015-11-25,1388.17
2015-11-26,1387
2015-11-27,1383.01
2015-11-30,1382.09
2015-12-01,1388.49
2015-12-02,1386.64
2015-12-03,1389.74
2015-12-04,1385.96
2015-12-07,1387.09
2015-12-08,1383.64
2015-12-09,1385.6
2015-12-10,1385.65
2015-12-11,1386.51
2015-12-14,1383.52
2015-12-15,1386.42
2015-12-16,1391.49
2015-12-17,1394.14
2015-12-18,1393
2015-12-21,1389.44
2015-12-22,1391.27
2015-12-23,1392.27
2015-12-24,1392.56
2015-12-25,1392.86
2015-12-28,1393.05
2015-12-29,1393.48
2015-12-30,1394.04
2015-12-31,1393.51
2016-01-01,1396.59
2016-01-04,1397.89
2016-01-05,1396.66
2016-01-06,1397.16
2016-01-07,1397.49
2016-01-08,1397.35
2016-01-11,1397.05
2016-01-12,1396.86
2016-01-13,1396.68
2016-01-14,1394.97
2016-01-15,1393.53
2016-01-18,1394
2016-01-19,1397.11
2016-01-20,1399.73
2016-01-21,1400.58
2016-01-22,1398.31
2016-01-25,1396.61
2016-01-26,1396.9
2016-01-27,1398.77
2016-01-28,1397.53
2016-01-29,1400.12
2016-02-01,1399.54
2016-02-02,1394.71
2016-02-03,1394.99
2016-02-04,1396.54
2016-02-05,1398.08
2016-02-08,1397.74
2016-02-09,1396.7
2016-02-10,1398.6
2016-02-11,1399.39
2016-02-12,1398.99
2016-02-15,1397
2016-02-16,1394.7
2016-02-17,1394.51
2016-02-18,1399.43
2016-02-19,1399.72
2016-02-22,1397.25
2016-02-23,1392.91
2016-02-24,1392.23
2016-02-25,1389.86
2016-02-26,1397.86
2016-02-29,1413.85
2016-03-01,1416.03
2016-03-02,1414.51
2016-03-03,1411.4
2016-03-04,1414.12
2016-03-07,1415.01
2016-03-08,1414.46
2016-03-09,1413.64
2016-03-10,1415.75
2016-03-11,1416.75
2016-03-14,1420.3
2016-03-15,1422.38
2016-03-16,1423.56
2016-03-17,1429.6
2016-03-18,1429.06
2016-03-21,1431.52
2016-03-22,1431.78
2016-03-23,1431.81
2016-03-24,1432.1
2016-03-25,1432.4
2016-03-28,1434.12
2016-03-29,1432.87
2016-03-30,1434.69
2016-03-31,1438.51
2016-04-01,1438.8
2016-04-04,1444.55
2016-04-05,1439.69
2016-04-06,1440.06
2016-04-07,1441.62
2016-04-08,1441.91
2016-04-11,1445.96
2016-04-12,1446.11
2016-04-13,1444.6
2016-04-14,1444.89
2016-04-15,1445.18
2016-04-18,1447.85
2016-04-19,1448.14
2016-04-20,1446.51
2016-04-21,1443.3
2016-04-22,1445.29
2016-04-25,1444.73
2016-04-26,1445.13
2016-04-27,1446.27
2016-04-28,1448.31
2016-04-29,1449.25
2016-05-02,1449.78
2016-05-03,1449.79
2016-05-04,1451.07
2016-05-05,1451.08
2016-05-06,1451.39
2016-05-09,1453.25
2016-05-10,1453.31
2016-05-11,1453.56
2016-05-12,1454.35
2016-05-13,1452.16
2016-05-16,1452.59
2016-05-17,1452.95
2016-05-18,1451.07
2016-05-19,1451.86
2016-05-20,1451.6
2016-05-23,1453.6
2016-05-24,1453.76
2016-05-25,1454.27
2016-05-26,1454
2016-05-27,1454.16
2016-05-30,1455.73
2016-05-31,1454.9
2016-06-01,1453.8
2016-06-02,1454.16
2016-06-03,1454.25
2016-06-06,1456.5
2016-06-07,1456.03
2016-06-08,1455.72
2016-06-09,1456.2
2016-06-10,1456.03
2016-06-13,1453.76
2016-06-14,1454.7
2016-06-15,1455.1
2016-06-16,1456.55
2016-06-17,1457.16
2016-06-20,1458.75
2016-06-21,1458.69
2016-06-22,1461.1
2016-06-23,1461.07
2016-06-24,1461.85
2016-06-27,1464.22
2016-06-28,1465.08
2016-06-29,1466.21
2016-06-30,1466.02
2016-07-01,1469.19
2016-07-04,1469.52
2016-07-05,1472.75
2016-07-06,1473.05
2016-07-07,1474.58
2016-07-08,1474.59
2016-07-11,1475.53
2016-07-12,1480.48
2016-07-13,1486.04
2016-07-14,1486.12
2016-07-15,1487.75
2016-07-18,1486.48
2016-07-19,1488.17
2016-07-20,1489.49
2016-07-21,1490.66
2016-07-22,1492.16
2016-07-25,1493.2
2016-07-26,1493.08
2016-07-27,1493.56
2016-07-28,1500.31
2016-07-29,1502.88
2016-08-01,1505.81
2016-08-02,1502.55
2016-08-03,1500.82
2016-08-04,1503.71
2016-08-05,1504.3
2016-08-08,1504.47
2016-08-09,1509.72
2016-08-10,1512.39
2016-08-11,1514.41
2016-08-12,1512.83
2016-08-15,1513.71
2016-08-16,1513.77
2016-08-17,1514.06
2016-08-18,1510.66
2016-08-19,1515.07
2016-08-22,1510.37
2016-08-23,1510.34
2016-08-24,1513.16
2016-08-25,1514.63
2016-08-26,1514.34
2016-08-29,1515.82
2016-08-30,1517.24
2016-08-31,1517.33
2016-09-01,1516.76
2016-09-02,1516.96
2016-09-05,1517.84
2016-09-06,1520.37
2016-09-07,1524.85
2016-09-08,1526.41
2016-09-09,1525.21
2016-09-12,1523.53
2016-09-13,1523.83
2016-09-14,1524.38
2016-09-15,1526
2016-09-16,1527.93
2016-09-19,1528.68
2016-09-20,1527.68
2016-09-21,1530.57
2016-09-22,1537.2
2016-09-23,1538.53
2016-09-26,1542.55
2016-09-27,1543.07
2016-09-28,1544.54
2016-09-29,1535.46
2016-09-30,1541.36
2016-10-03,1548.22
2016-10-04,1554.82
2016-10-05,1559.2
2016-10-06,1557.18
2016-10-07,1554.61
2016-10-10,1558.44
2016-10-11,1558.73
2016-10-12,1559.02
2016-10-13,1557.18
2016-10-14,1555.02
2016-10-17,1556.77
2016-10-18,1559.99
2016-10-19,1558.73
2016-10-20,1555.94
2016-10-21,1556.37
2016-10-24,1557.23
2016-10-25,1555.94
2016-10-26,1556.3
2016-10-27,1554.77
2016-10-28,1554.62
2016-10-31,1555.2
2016-11-01,1553.07
2016-11-02,1553.43
2016-11-03,1552.88
2016-11-04,1551.44
2016-11-07,1552.85
2016-11-08,1557.17
2016-11-09,1571.68
2016-11-10,1572.96
2016-11-11,1566.17
2016-11-14,1567.03
2016-11-15,1588.5
2016-11-16,1598.36
2016-11-17,1601.4
2016-11-18,1600.66
2016-11-21,1615.5
2016-11-22,1615.34
2016-11-23,1618.98
2016-11-24,1630.05
2016-11-25,1625.03
2016-11-28,1615.27
2016-11-29,1616.18
2016-11-30,1624.83
2016-12-01,1628.62
2016-12-02,1625.61
2016-12-05,1629.34
2016-12-06,1631.32
2016-12-07,1608.04
2016-12-08,1609.44
2016-12-09,1605.63
2016-12-12,1606.48
2016-12-13,1608.29
2016-12-14,1610.63
2016-12-15,1596.11
2016-12-16,1600.07
2016-12-19,1600.33
2016-12-20,1603.93
2016-12-21,1606.35
2016-12-22,1600.33
2016-12-23,1597.72
2016-12-26,1595.66
2016-12-27,1594.09
2016-12-28,1595.07
2016-12-29,1601.79
2016-12-30,1602.98
2017-01-02,1615.94
2017-01-03,1612.01
2017-01-04,1621.08
2017-01-05,1618.72
2017-01-06,1618.99
2017-01-09,1618.75
2017-01-10,1618.67
2017-01-11,1619.72
2017-01-12,1622.15
2017-01-13,1617.45
2017-01-16,1615.72
2017-01-17,1618.34
2017-01-18,1614.94
2017-01-19,1612.81
2017-01-20,1614.49
2017-01-23,1616.57
2017-01-24,1618.38
2017-01-25,1620.13
2017-01-26,1620.41
2017-01-27,1623.55
2017-01-30,1623.35
2017-01-31,1623.34
2017-02-01,1621.55
2017-02-02,1624.69
2017-02-03,1624.09
2017-02-06,1624.46
2017-02-07,1622.66
2017-02-08,1588.67
2017-02-09,1577.5
2017-02-10,1583.03
2017-02-13,1581.48
2017-02-14,1576.87
2017-02-15,1578.54
2017-02-16,1580.85
2017-02-17,1580.46
2017-02-20,1575.87
2017-02-21,1576.16
2017-02-22,1572.96
2017-02-23,1575.41
2017-02-24,1575.71
2017-02-27,1580.21
2017-02-28,1582.15
2017-03-01,1576.37
2017-03-02,1586.85
2017-03-03,1593.49
2017-03-06,1583.88
2017-03-07,1587.96
2017-03-08,1584.73
2017-03-09,1586.21
2017-03-10,1581.03
2017-03-13,1581.92
2017-03-14,1582.62
2017-03-15,1591.03
2017-03-16,1589.61
2017-03-17,1587.88
2017-03-20,1585
2017-03-21,1586.17
2017-03-22,1594.69
2017-03-23,1592.99
2017-03-24,1593.39
2017-03-27,1607.43
2017-03-28,1607.73
2017-03-29,1603.58
2017-03-30,1610.39
2017-03-31,1610.09
2017-04-03,1615.86
2017-04-04,1616.15
2017-04-06,1603.55
2017-04-07,1598.36
2017-04-10,1594.24
2017-04-11,1600.36
2017-04-12,1604.13
2017-04-13,1599.89
2017-04-14,1600.19
2017-04-17,1598.26
2017-04-18,1596.83
2017-04-19,1598.27
2017-04-20,1595.86
2017-04-21,1591.7
2017-04-24,1590.05
2017-04-25,1591.26
2017-04-26,1589.2
2017-04-27,1590.96
2017-04-28,1589.34
2017-05-01,1590.25
2017-05-02,1587.26
2017-05-03,1591.49
2017-05-04,1590.23
2017-05-05,1593.56
2017-05-08,1595.85
2017-05-09,1594.89
2017-05-10,1595.19
2017-05-11,1595.34
2017-05-12,1599.5
2017-05-15,1611.02
2017-05-16,1607.48
2017-05-17,1607.63
2017-05-18,1608.21
2017-05-19,1607.06
2017-05-22,1617.4
2017-05-23,1615.35
2017-05-24,1614.71
2017-05-25,1617.05
2017-05-26,1618.89
2017-05-29,1617.42
2017-05-30,1618.1
2017-05-31,1618.4
2017-06-01,1623.26
2017-06-02,1623.41
2017-06-05,1621.75
2017-06-06,1623.29
2017-06-07,1632.15
2017-06-08,1635.92
2017-06-09,1639.76
2017-06-12,1638.97
2017-06-13,1641.99
2017-06-14,1645.25
2017-06-15,1644.11
2017-06-16,1643.16
2017-06-19,1646.92
2017-06-20,1649.58
2017-06-21,1651.68
2017-06-22,1649.22
2017-06-23,1648.8
2017-06-26,1649.67
2017-06-27,1649.53
2017-06-28,1645.71
2017-06-29,1644.98
2017-06-30,1644.77
2017-07-03,1640.82
2017-07-04,1641.6
2017-07-05,1641.67
2017-07-06,1643.61
2017-07-07,1644.61
2017-07-10,1652.77
2017-07-11,1651.15
2017-07-12,1654.37
2017-07-13,1654.91
2017-07-14,1654.43
2017-07-17,1656.08
2017-07-18,1656.55
2017-07-19,1657.6
2017-07-20,1657.42
2017-07-21,1659.62
2017-07-24,1663.07
2017-07-25,1661.49
2017-07-26,1660.03
2017-07-27,1660.93
2017-07-28,1658.68
2017-07-31,1658.88
2017-08-01,1662.06
2017-08-02,1660.04
2017-08-03,1664.03
2017-08-04,1663.14
2017-08-07,1661.91
2017-08-08,1662.17
2017-08-09,1661.43
2017-08-10,1658.42
2017-08-11,1657.81
2017-08-14,1656.56
2017-08-15,1656.85
2017-08-16,1655.72
2017-08-17,1656.01
2017-08-18,1659.12
2017-08-21,1659.86
2017-08-22,1657.29
2017-08-23,1657.58
2017-08-24,1657.54
2017-08-25,1657.84
2017-08-28,1655.25
2017-08-29,1659.55
2017-08-30,1659.15
2017-08-31,1660.77
2017-09-01,1665.93
2017-09-04,1665.37
2017-09-05,1665.44
2017-09-06,1664.7
2017-09-07,1663.96
2017-09-08,1661.16
2017-09-11,1659.85
2017-09-12,1660.79
2017-09-13,1657.74
2017-09-14,1657.53
2017-09-15,1656.87
2017-09-18,1656.41
2017-09-19,1658.82
2017-09-20,1660.76
2017-09-21,1650
2017-09-22,1651.62
2017-09-25,1657.56
2017-09-26,1652.18
2017-09-27,1652.73
2017-09-28,1655.95
2017-09-29,1653.73
2017-10-02,1654.63
2017-10-03,1656.65
2017-10-04,1650.8
2017-10-05,1648.18
2017-10-06,1645.28
2017-10-09,1643.64
2017-10-10,1648.25
2017-10-11,1648.63
2017-10-12,1647.57
2017-10-13,1649.96
2017-10-16,1650.9
2017-10-17,1647.97
2017-10-18,1648.57
2017-10-19,1648.88
2017-10-20,1649.18
2017-10-23,1645.74
2017-10-24,1648
2017-10-25,1644.82
2017-10-26,1646.8
2017-10-27,1646.09
2017-10-30,1638.47
2017-10-31,1640.93
2017-11-01,1637.87
2017-11-02,1641.69
2017-11-03,1642.39
2017-11-06,1639.34
2017-11-07,1635.93
2017-11-08,1634.87
2017-11-09,1636.14
2017-11-10,1633.78
2017-11-13,1632.95
2017-11-14,1624.77
2017-11-15,1628.8
2017-11-16,1624.07
2017-11-17,1625.87
2017-11-20,1644.83
2017-11-21,1644.32
2017-11-22,1637.56
2017-11-23,1634.77
2017-11-24,1633.35
2017-11-27,1628.16
2017-11-28,1631.41
2017-11-29,1632.26
2017-11-30,1628.85
2017-12-01,1629.16
2017-12-04,1627.41
2017-12-05,1630.28
2017-12-06,1633.78
2017-12-07,1631.57
2017-12-08,1627.9
2017-12-11,1619.79
2017-12-12,1617.95
2017-12-13,1620.26
2017-12-14,1625.36
2017-12-15,1625.09
2017-12-18,1620.99
2017-12-19,1621.62
2017-12-20,1617.48
2017-12-21,1618.28
2017-12-22,1612.45
2017-12-25,1613.41
2017-12-26,1613.23
2017-12-27,1619.65
2017-12-28,1600.78
2017-12-29,1608.36
2018-01-01,1608.17
2018-01-02,1603.35
2018-01-03,1610.45
2018-01-04,1609.68
2018-01-05,1614.69
2018-01-08,1609.61
2018-01-09,1607.44
2018-01-10,1599.9
2018-01-11,1600.7
2018-01-12,1599.01
2018-01-15,1601.29
2018-01-16,1589.2
2018-01-17,1607.56
2018-01-18,1603.77
2018-01-19,1600.16
2018-01-22,1604.37
2018-01-23,1606.02
2018-01-24,1603.69
2018-01-25,1600.62
2018-01-29,1586.84
2018-01-30,1587.74
2018-01-31,1588.54
2018-02-01,1569.7
2018-02-02,1574.68
2018-02-05,1570.98
2018-02-06,1575.32
2018-02-07,1579.68
2018-02-08,1586.99
2018-02-09,1584.81
2018-02-12,1585.14
2018-02-14,1586.27
2018-02-15,1578.21
2018-02-16,1577.47
2018-02-19,1578.45
2018-02-20,1569.02
2018-02-21,1564.84
2018-02-22,1561.3
2018-02-23,1570.09
2018-02-26,1568.86
2018-02-27,1571.59
2018-02-28,1566.12
2018-03-01,1565.12
2018-03-05,1562.4
2018-03-06,1562.89
2018-03-07,1573.43
2018-03-08,1575.6
2018-03-09,1574.95
2018-03-12,1580.43
2018-03-13,1578.22
2018-03-14,1575.16
2018-03-15,1581.07
2018-03-16,1589.59
2018-03-19,1585.09
2018-03-20,1584.61
2018-03-21,1588.64
2018-03-22,1591.24
2018-03-23,1591.83
2018-03-26,1585.72
2018-03-27,1617.57
2018-03-28,1610.83
2018-04-02,1612.13
2018-04-03,1619.69
2018-04-04,1624.21
2018-04-05,1643.04
2018-04-06,1638.05
2018-04-09,1633.37
2018-04-10,1616.78
2018-04-11,1600.03
2018-04-12,1607.77
2018-04-13,1612.1
2018-04-16,1607.03
2018-04-17,1607.12
2018-04-18,1602.28
2018-04-19,1592.5
2018-04-20,1583.57
2018-04-23,1582.15
2018-04-24,1588.59
2018-04-25,1583.07
2018-04-26,1581.58
2018-04-27,1580.64
2018-04-30,1581.64
2018-05-02,1586
2018-05-03,1586.16
2018-05-04,1587.1
2018-05-07,1599.36
2018-05-08,1604.15
2018-05-09,1590.82
2018-05-10,1590.5
2018-05-11,1589.62
2018-05-14,1580.19
2018-05-15,1572.42
2018-05-16,1572.86
2018-05-17,1575.52
2018-05-18,1580.63
2018-05-21,1584.36
2018-05-22,1584.69
2018-05-23,1580.82
2018-05-24,1578.88
2018-05-25,1587.23
2018-05-28,1594.02
2018-05-29,1592.57
2018-05-30,1589.83
2018-05-31,1585.64
2018-06-01,1583.67
2018-06-04,1581.77
2018-06-05,1586.44
2018-06-06,1578.23
2018-06-07,1570.66
2018-06-08,1575.76
2018-06-11,1575.16
2018-06-12,1575.15
2018-06-13,1579.18
2018-06-14,1578.05
2018-06-15,1584.13
2018-06-18,1586.42
2018-06-19,1588.19
2018-06-20,1592.21
2018-06-21,1598.25
2018-06-22,1593.79
2018-06-25,1594.31
2018-06-26,1594.14
2018-06-27,1590.04
2018-06-28,1583.83
2018-06-29,1587.49
2018-07-02,1587.53
2018-07-03,1590.87
2018-07-04,1594.45
2018-07-05,1590.11
2018-07-06,1593.21
2018-07-09,1592.14
2018-07-10,1591.47
2018-07-11,1594.81
2018-07-12,1605.04
2018-07-13,1604.1
2018-07-16,1604.12
2018-07-17,1610.38
2018-07-18,1610.05
2018-07-19,1606.82
2018-07-20,1607.06
2018-07-23,1605.48
2018-07-24,1608.66
2018-07-25,1608.78
2018-07-26,1612
2018-07-27,1610.14
2018-07-30,1609.66
2018-07-31,1611.95
2018-08-01,1619.97
2018-08-02,1618.17
2018-08-03,1613.98
2018-08-06,1614.49
2018-08-07,1612.82
2018-08-08,1613.61
2018-08-09,1617.91
2018-08-10,1617.3
2018-08-13,1610.93
2018-08-14,1611.8
2018-08-16,1607.97
2018-08-17,1608.31
2018-08-20,1611.8
2018-08-21,1613.29
2018-08-23,1608.49
2018-08-24,1609.51
2018-08-27,1608.28
2018-08-28,1608.45
2018-08-29,1606.44
2018-08-30,1605.01
2018-08-31,1603.19
2018-09-03,1599.25
2018-09-04,1592.98
2018-09-05,1594.7
2018-09-06,1594.36
2018-09-07,1597.37
2018-09-10,1585.2
2018-09-11,1583.03
2018-09-12,1588.36
2018-09-14,1589.83
2018-09-17,1593.88
2018-09-18,1589.87
2018-09-19,1597.03
2018-09-21,1597.52
2018-09-24,1593.87
2018-09-25,1593.79
2018-09-26,1599.72
2018-09-27,1604.72
2018-09-28,1605.36
2018-10-01,1610.22
2018-10-03,1598.04
2018-10-04,1593.74
2018-10-05,1607.77
2018-10-08,1614.03
2018-10-09,1603.87
2018-10-10,1608.89
2018-10-11,1613.89
2018-10-12,1614.53
2018-10-15,1622
2018-10-16,1627.51
2018-10-17,1624.02
2018-10-19,1623.46
2018-10-22,1623.61
2018-10-23,1627.79
2018-10-24,1630.42
2018-10-25,1631.25
2018-10-26,1630.56
2018-10-29,1638.51
2018-10-30,1636.14
2018-10-31,1634.42
2018-11-01,1637.93
2018-11-02,1642.74
2018-11-05,1640.93
2018-11-06,1642.48
2018-11-07,1642.83
2018-11-09,1646.95
2018-11-12,1643.77
2018-11-13,1648.61
2018-11-14,1651.95
2018-11-15,1649.94
2018-11-16,1643.97
2018-11-19,1647.59
2018-11-20,1647.87
2018-11-21,1648.22
2018-11-22,1657.24
2018-11-26,1656.94
2018-11-27,1656.44
2018-11-28,1666.3
2018-11-29,1670.43
2018-11-30,1670.95
2018-12-03,1669.88
2018-12-04,1675.81
2018-12-05,1690.43
2018-12-06,1692.69
2018-12-07,1688.66
2018-12-10,1676.48
2018-12-11,1683.15
2018-12-12,1696.01
2018-12-13,1696.68
2018-12-14,1693.49
2018-12-17,1692.33
2018-12-18,1705.2
2018-12-19,1719.15
2018-12-20,1713.8
2018-12-21,1713.62
2018-12-24,1713.58
2018-12-26,1716.89
2018-12-27,1715.76
2018-12-28,1703.67
2018-12-31,1706.68
2019-01-01,1701.8
2019-01-02,1708.98
2019-01-03,1701.5
2019-01-04,1699.6
2019-01-07,1694.31
2019-01-08,1700.59
2019-01-09,1699.08
2019-01-10,1698.81
2019-01-11,1696.2
2019-01-14,1705.22
2019-01-15,1700.93
2019-01-16,1691.31
2019-01-17,1693.26
2019-01-18,1688.45
2019-01-21,1689.1
2019-01-22,1690.67
2019-01-23,1692.03
2019-01-24,1690.59
2019-01-25,1688.49
2019-01-28,1689.16
2019-01-29,1690.99
2019-01-30,1690.35
2019-01-31,1695.64
2019-02-01,1685.12
2019-02-04,1682.58
2019-02-05,1685.8
2019-02-06,1688.85
2019-02-07,1693.25
2019-02-08,1692.25
2019-02-11,1690.89
2019-02-12,1690.9
2019-02-13,1699.02
2019-02-14,1694.63
2019-02-15,1691.76
2019-02-18,1691.63
2019-02-19,1691.97
2019-02-20,1695.83
2019-02-21,1694.94
2019-02-22,1687.67
2019-02-25,1688.9
2019-02-26,1688.23
2019-02-27,1682.48
2019-02-28,1691.24
2019-03-01,1695.1
2019-03-05,1696.38
2019-03-06,1695.53
2019-03-07,1696.05
2019-03-08,1698.92
2019-03-11,1701.64
2019-03-12,1701.31
2019-03-13,1699.28
2019-03-14,1701.14
2019-03-15,1704.03
2019-03-18,1707.92
2019-03-19,1701.5
2019-03-20,1703.36
2019-03-22,1707.08
2019-03-25,1709.76
2019-03-26,1707.78
2019-03-27,1709.81
2019-03-28,1710.66
2019-03-29,1708.29
2019-04-01,1708.98
2019-04-02,1717.91
2019-04-03,1718.46
2019-04-04,1709.83
2019-04-05,1709.5
2019-04-08,1705.06
2019-04-09,1708.49
2019-04-10,1709.68
2019-04-11,1709.51
2019-04-12,1705.45
2019-04-15,1708.64
2019-04-16,1709.02
2019-04-18,1706.35
2019-04-22,1701.42
2019-04-23,1701.93
2019-04-24,1707.77
2019-04-25,1705.15
2019-04-26,1710.3
2019-04-30,1711.13
2019-05-02,1714.95
2019-05-03,1714.56
2019-05-06,1715.42
2019-05-07,1717.2
2019-05-08,1718.31
2019-05-09,1716.19
2019-05-10,1714.7
2019-05-13,1718.53
2019-05-14,1720.06
2019-05-15,1720.23
2019-05-16,1720.95
2019-05-17,1722.89
2019-05-20,1732.73
2019-05-21,1731.04
2019-05-22,1736.54
2019-05-23,1739.25
2019-05-24,1741.11
2019-05-27,1749.08
2019-05-28,1751.45
2019-05-29,1754.63
2019-05-30,1753.36
2019-05-31,1765.89
2019-06-03,1772.8
2019-06-04,1768.4
2019-06-06,1779.83
2019-06-07,1775.23
2019-06-10,1764.01
2019-06-11,1769.1
2019-06-12,1772.31
2019-06-13,1772.99
2019-06-14,1784.01
2019-06-17,1783.67
2019-06-18,1798.48
2019-06-19,1795.02
2019-06-20,1801.2
2019-06-21,1793.34
2019-06-24,1795.45
2019-06-25,1792.07
2019-06-26,1786.4
2019-06-27,1791.02
2019-06-28,1793.44
2019-07-01,1794.25
2019-07-02,1798.82
2019-07-03,1800.64
2019-07-04,1810.84
2019-07-05,1817.93
2019-07-08,1835.02
2019-07-09,1832.14
2019-07-10,1838.07
2019-07-11,1844.5
2019-07-12,1845.39
2019-07-15,1853.4
2019-07-16,1866.67
2019-07-17,1865.32
2019-07-18,1860.24
2019-07-19,1863.8
2019-07-22,1857.63
2019-07-23,1851.94
2019-07-24,1855.75
2019-07-25,1846.43
2019-07-26,1845.25
2019-07-29,1860.62
2019-07-30,1863.38
2019-07-31,1866.32
2019-08-01,1859.97
2019-08-02,1869.31
2019-08-05,1865.28
2019-08-06,1872.38
2019-08-07,1868.7
2019-08-08,1864.85
2019-08-09,1853.59
2019-08-13,1850.86
2019-08-14,1838.41
2019-08-16,1849.69
2019-08-19,1844.92
2019-08-20,1845.63
2019-08-21,1848.26
2019-08-22,1849.35
2019-08-23,1848.31
2019-08-26,1860.88
2019-08-27,1855.1
2019-08-28,1850.03
2019-08-29,1853.01
2019-08-30,1851.58
2019-09-03,1858.27
2019-09-04,1854.6
2019-09-05,1851.8
2019-09-06,1848.86
2019-09-09,1853.23
2019-09-11,1840.96
2019-09-12,1843.24
2019-09-13,1846.96
2019-09-16,1838.17
2019-09-17,1836.29
2019-09-18,1850.26
2019-09-19,1848.43
2019-09-20,1830.69
2019-09-23,1836.97
2019-09-24,1832.94
2019-09-25,1835.75
2019-09-26,1841.44
2019-09-27,1839.5
2019-09-30,1844.69
2019-10-01,1849.62
2019-10-03,1856.61
2019-10-04,1847.89
2019-10-07,1850.16
2019-10-09,1852.55
2019-10-10,1849.97
2019-10-11,1844.41
2019-10-14,1852.44
2019-10-15,1854.02
2019-10-16,1854.72
2019-10-17,1849.82
2019-10-18,1851.09
2019-10-22,1851.41
2019-10-23,1854.39
2019-10-24,1854.74
2019-10-25,1856.06
2019-10-29,1856.33
2019-10-30,1858.08
2019-10-31,1861.41
2019-11-01,1861.98
2019-11-04,1859.55
2019-11-05,1854.13
2019-11-06,1858.12
2019-11-07,1856.37
2019-11-08,1849.75
2019-11-11,1849.78
2019-11-13,1854.98
2019-11-14,1856.93
2019-11-15,1856.71
2019-11-18,1863.18
2019-11-19,1864.11
2019-11-20,1866.44
2019-11-21,1860.46
2019-11-22,1862.24
2019-11-25,1866.89
2019-11-26,1865.65
2019-11-27,1867.51
2019-11-28,1869.79
2019-11-29,1869.1
2019-12-02,1866.99
2019-12-03,1870.29
2019-12-04,1870.62
2019-12-05,1851.49
2019-12-06,1844.96
2019-12-09,1846.05
2019-12-10,1840.73
2019-12-11,1833.69
2019-12-12,1832.68
2019-12-13,1831.51
2019-12-16,1830.86
2019-12-17,1837.68
2019-12-18,1843.2
2019-12-19,1838.16
2019-12-20,1857.76
2019-12-23,1863.49
2019-12-24,1862.62
2019-12-26,1862.68
2019-12-27,1873.06
2019-12-30,1868.08
2019-12-31,1867.25
2020-01-01,1874.58
2020-01-02,1874.78
2020-01-03,1873.85
2020-01-06,1867.72
2020-01-07,1870.09
2020-01-08,1869.4
2020-01-09,1874.04
2020-01-10,1866.44
2020-01-13,1866.43
2020-01-14,1857.72
2020-01-15,1863.11
2020-01-16,1866.68
2020-01-17,1863.94
2020-01-20,1862.68
2020-01-21,1863.8
2020-01-22,1863.95
2020-01-23,1869.29
2020-01-24,1872.01
2020-01-27,1876.45
2020-01-28,1873.73
2020-01-29,1874.99
2020-01-30,1876.65
2020-01-31,1871.6
2020-02-03,1885.21
2020-02-04,1885.36
2020-02-05,1885.41
2020-02-06,1893.62
2020-02-07,1894.88
2020-02-10,1895.69
2020-02-11,1892.87
2020-02-12,1892
2020-02-13,1898.87
2020-02-14,1906.48
2020-02-17,1905.06
2020-02-18,1905.81
2020-02-19,1906.14
2020-02-20,1901.42
2020-02-24,1910.35
2020-02-25,1910.5
2020-02-26,1913.8
2020-02-27,1909.87
2020-02-28,1911.12
2020-03-02,1915.7
2020-03-03,1916.68
2020-03-04,1932.31
2020-03-05,1930.97
2020-03-06,1938.64
2020-03-09,1955.57
2020-03-11,1948.26
2020-03-12,1933.67
2020-03-13,1922.59
2020-03-16,1938.79
2020-03-17,1931.57
2020-03-18,1927.78
2020-03-19,1913.1
2020-03-20,1933.27
2020-03-23,1918.5
2020-03-24,1928.66
2020-03-25,1928.99
2020-03-26,1939.89
2020-03-27,1951.03
2020-03-30,1942.93
2020-03-31,1952.73
2020-04-01,1953.06
2020-04-03,1931.47
2020-04-07,1917.98
2020-04-08,1914.78
2020-04-09,1908.59
2020-04-13,1909.23
2020-04-15,1919.28
2020-04-16,1917.71
2020-04-17,1930.41
2020-04-20,1950.27
2020-04-22,1948.9
2020-04-23,1971.76
2020-04-24,1957.4
2020-04-27,1960.32
2020-04-28,1962.81
2020-04-29,1964.88
2020-04-30,1967.13
2020-05-04,1971.99
2020-05-05,1973.96
2020-05-06,1980.44
2020-05-07,1980.77
2020-05-08,1989.56
2020-05-11,1963.01
2020-05-12,1963.83
2020-05-13,1973.41
2020-05-14,1979.15
2020-05-15,1976.08
2020-05-18,1981.29
2020-05-19,1983.78
2020-05-20,1983.22
2020-05-21,1984.66
2020-05-22,1994.95
2020-05-26,1994.36
2020-05-27,1993.36
2020-05-28,1992.94
2020-05-29,1990.05
2020-06-01,1985.14
2020-06-02,1990.27
2020-06-03,1986.57
2020-06-04,1989.67
2020-06-05,1986.12
2020-06-08,1989.36
2020-06-09,1994.44
2020-06-10,1995.15
2020-06-11,1993.98
2020-06-12,1992.18
2020-06-15,1993.77
2020-06-16,1986.16
2020-06-17,1988.06
2020-06-18,1990.36
2020-06-19,1986.72
2020-06-22,1983.46
2020-06-23,1980.06
2020-06-24,1978.25
2020-06-25,1982.38
2020-06-26,1979.58
2020-06-29,1981.92
2020-06-30,1984.52
2020-07-01,1992.13
2020-07-02,1992.05
2020-07-03,1991.78
2020-07-06,1994.12
2020-07-07,2000.79
2020-07-08,2003.29
2020-07-09,2004.4
2020-07-10,2006.51
2020-07-13,2003.59
2020-07-14,1998.16
2020-07-15,2000.02
2020-07-16,2000.68
2020-07-17,2002.19
2020-07-20,2003.94
2020-07-21,1999.85
2020-07-22,2002.3
2020-07-23,2004.11
2020-07-24,2002.55
2020-07-27,1997.45
2020-07-28,1999.16
2020-07-29,2001.71
2020-07-30,2002.9
2020-07-31,2001.43
2020-08-03,2002.24
2020-08-04,2003.25
2020-08-05,2004.51
2020-08-06,1999.68
2020-08-07,1996.47
2020-08-10,1995.03
2020-08-11,1993.95
2020-08-12,1996.47
2020-08-13,1994.39
2020-08-14,1981.88
2020-08-17,1982.74
2020-08-18,1983.72
2020-08-19,1981.49
2020-08-20,1984.09
2020-08-21,1967.32
2020-08-24,1956.22
2020-08-25,1960.92
2020-08-26,1955.76
2020-08-27,1958.21
2020-08-28,1958.31
2020-08-31,1962.82
2020-09-01,1988.59
2020-09-02,1992.06
2020-09-03,1996.27
2020-09-04,1992.35
2020-09-07,1984.09
2020-09-08,1974.94
2020-09-09,1984.5
2020-09-10,1978.38
2020-09-11,1979.07
2020-09-14,1980.11
2020-09-15,1981.07
2020-09-16,1985.78
2020-09-17,1982.39
2020-09-18,1984.38
2020-09-21,1985.05
2020-09-22,1986.59
2020-09-23,1988.81
2020-09-24,1988.08
2020-09-25,1983.78
2020-09-28,1979.45
2020-09-29,1983.8
2020-09-30,1987.88
2020-10-01,1992.05
2020-10-05,1991.49
2020-10-06,1988.22
2020-10-07,1989.92
2020-10-08,1989.41
2020-10-09,2001.31
2020-10-12,2008.63
2020-10-13,2008.69
2020-10-14,2009.04
2020-10-15,2010.37
2020-10-16,2006.03
2020-10-19,2005.8
2020-10-20,2006.23
2020-10-21,2009.09
2020-10-22,2009.71
2020-10-23,2017.88
2020-10-26,2022.44
2020-10-27,2020.79
2020-10-28,2020.02
2020-10-29,2017.02
2020-11-02,2016.49
2020-11-03,2015.57
2020-11-04,2018
2020-11-05,2021.73
2020-11-06,2022.5
2020-11-09,2020.14
2020-11-10,2015.93
2020-11-11,2016.83
2020-11-12,2016.79
2020-11-13,2021.54
2020-11-17,2023.37
2020-11-18,2023.55
2020-11-19,2023.98
2020-11-20,2023.82
2020-11-23,2021.98
2020-11-24,2024.79
2020-11-25,2024.66
2020-11-26,2026.69
2020-11-27,2021.55
2020-12-01,2020.38
2020-12-02,2021.57
2020-12-03,2021.19
2020-12-04,2024.99
2020-12-07,2023.34
2020-12-08,2021.03
2020-12-09,2025.28
2020-12-10,2025.3
2020-12-11,2020.55
2020-12-14,2021.97
2020-12-15,2022.58
2020-12-16,2022.35
2020-12-17,2022.23
2020-12-18,2020.56
2020-12-21,2019.96
2020-12-22,2021.43
2020-12-23,2021.66
2020-12-24,2024.31
2020-12-28,2028.17
2020-12-29,2027.12
2020-12-30,2029.63
2020-12-31,2030.63
2021-01-01,2029.54
2021-01-04,2037.92
2021-01-05,2038.49
2021-01-06,2034.59
2021-01-07,2034.11
2021-01-08,2032.03
2021-01-11,2027.24
2021-01-12,2027.17
2021-01-13,2027.91
2021-01-14,2030.75
2021-01-15,2024.83
2021-01-18,2029.1
2021-01-19,2031.44
2021-01-20,2030.91
2021-01-21,2028.79
2021-01-22,2031.97
2021-01-25,2031.89
2021-01-27,2033.54
2021-01-28,2035.72
2021-01-29,2035.09
2021-02-01,2012.54
2021-02-02,2002.94
2021-02-03,2008.71
2021-02-04,2011.53
2021-02-05,2011.01
2021-02-08,2017
2021-02-09,2012.66
2021-02-10,2021.55
2021-02-11,2030.73
2021-02-12,2027.01
2021-02-15,2022.99
2021-02-16,2022.67
2021-02-17,2023.03
2021-02-18,2009.73
2021-02-19,2010.07
2021-02-22,1999.62
2021-02-23,2003.31
2021-02-24,2005.95
2021-02-25,2004.06
2021-02-26,1997.85
2021-03-01,2000.9
2021-03-02,1998.75
2021-03-03,1997.41
2021-03-04,1999.42
2021-03-05,1997.13
2021-03-08,2001.01
2021-03-09,2003.02
2021-03-10,1997.87
2021-03-12,2000.75
2021-03-15,2005.57
2021-03-16,2009.91
2021-03-17,2008.79
2021-03-18,2008.05
2021-03-19,2008.35
2021-03-22,2012.5
2021-03-23,2017.38
2021-03-24,2018.47
2021-03-25,2017.34
2021-03-26,2021.13
2021-03-30,2019.36
2021-03-31,2017.71
2021-04-01,2018.05
2021-04-05,2023.28
2021-04-06,2025.01
2021-04-07,2030.35
2021-04-08,2037.55
2021-04-09,2040.3
2021-04-12,2043.58
2021-04-13,2043.91
2021-04-15,2030.08
2021-04-16,2033.75
2021-04-19,2035.63
2021-04-20,2035.34
2021-04-22,2041.08
2021-04-23,2041.41
2021-04-27,2042.48
2021-04-29,2042.2
2021-04-30,2045.84
2021-05-03,2050.9
2021-05-04,2050.69
2021-05-05,2055.12
2021-05-06,2056
2021-05-07,2052.4
2021-05-10,2052.3
2021-05-11,2052.99
2021-05-12,2053.55
2021-05-14,2056.8
2021-05-17,2060.06
2021-05-18,2060.17
2021-05-19,2060.33
2021-05-20,2061.76
2021-05-21,2062.22
2021-05-24,2062.78
2021-05-25,2063.05
2021-05-26,2063.39
2021-05-27,2061.55
2021-05-28,2060.47
2021-05-31,2057.91
2021-06-01,2058.02
2021-06-02,2060.49
2021-06-03,2061.79
2021-06-04,2058.79
2021-06-07,2060.08
2021-06-08,2062.83
2021-06-09,2061.57
2021-06-10,2061.5
2021-06-11,2063.47
2021-06-14,2064.81
2021-06-15,2059.82
2021-06-16,2059.2
2021-06-17,2063.77
2021-06-18,2065.4
2021-06-21,2064.41
2021-06-22,2064.88
2021-06-23,2066.32
2021-06-24,2067.53
2021-06-25,2066.8
2021-06-28,2062.77
2021-06-29,2064.68
2021-06-30,2063.75
2021-07-01,2065.61
2021-07-02,2062.91
2021-07-05,2060.17
2021-07-06,2046.53
2021-07-07,2049.19
2021-07-08,2054.68
2021-07-09,2049.22
2021-07-12,2043.46
2021-07-13,2046.72
2021-07-14,2047.01
2021-07-15,2048.26
2021-07-16,2045.78
2021-07-19,2049.7
2021-07-20,2050.19
2021-07-22,2048.75
2021-07-23,2045.3
2021-07-26,2044.76
2021-07-27,2043.98
2021-07-28,2042.87
2021-07-29,2041.65
2021-07-30,2041.08
2021-08-02,2043.25
2021-08-03,2043.26
2021-08-04,2043.83
2021-08-05,2042.53
2021-08-06,2039.9
2021-08-09,2041.72
2021-08-10,2040.41
2021-08-11,2040.27
2021-08-12,2042.05
2021-08-13,2041.46
2021-08-16,2042.5
2021-08-17,2042.84
2021-08-18,2044.04
2021-08-20,2044.28
2021-08-23,2043.44
2021-08-24,2042.65
2021-08-25,2043.93
2021-08-26,2043.26
2021-08-27,2042.84
2021-08-30,2047.79
2021-08-31,2049.98
2021-09-01,2051.75
2021-09-02,2056.35
2021-09-03,2059.67
2021-09-06,2059.86
2021-09-07,2055.97
2021-09-08,2056.77
2021-09-09,2058.51
2021-09-13,2057.62
2021-09-14,2057.88
2021-09-15,2062.45
2021-09-16,2063.12
2021-09-17,2062.27
2021-09-20,2067.79
2021-09-21,2071.29
2021-09-22,2069.67
2021-09-23,2069.01
2021-09-24,2062.98
2021-09-27,2060.32
2021-09-28,2059.3
2021-09-29,2061.46
2021-09-30,2060.18
2021-10-01,2057.06
2021-10-04,2057.1
2021-10-05,2055.59
2021-10-06,2053.75
2021-10-07,2055.84
2021-10-08,2048.53
2021-10-11,2046.34
2021-10-12,2048.13
2021-10-13,2050.45
2021-10-14,2048.95
2021-10-18,2041.68
2021-10-19,2042.03
2021-10-20,2044.89
2021-10-21,2049.61
2021-10-22,2047.46
2021-10-25,2049.65
2021-10-26,2049.15
2021-10-27,2052.09
2021-10-28,2050.56
2021-10-29,2045.6
2021-11-01,2046.23
2021-11-02,2050.45
2021-11-03,2050.79
2021-11-04,2051.14
2021-11-08,2060.34
2021-11-09,2063.42
2021-11-10,2058.35
2021-11-11,2052.45
2021-11-12,2053.37
2021-11-15,2057.32
2021-11-16,2055.29
2021-11-17,2055.83
2021-11-18,2059.26
2021-11-22,2059.51
2021-11-23,2057.01
2021-11-24,2056.81
2021-11-25,2057.66
2021-11-26,2063.53
2021-11-29,2063.83
2021-11-30,2065.15
2021-12-01,2061.63
2021-12-02,2062.57
2021-12-03,2060.48
2021-12-06,2062.81
2021-12-07,2058.97
2021-12-08,2065.37
2021-12-09,2065.14
2021-12-10,2063.03
2021-12-13,2063.75
2021-12-14,2065.74
2021-12-15,2065.61
2021-12-16,2064.24
2021-12-17,2060.09
2021-12-20,2057.26
2021-12-21,2052.36
2021-12-22,2053.33
2021-12-23,2054.39
2021-12-24,2054.58
2021-12-27,2054.99
2021-12-28,2053.6
2021-12-29,2056.37
2021-12-30,2055.18
2021-12-31,2057.66
2022-01-03,2057.67
2022-01-04,2050.38
2022-01-05,2051.54
2022-01-06,2049.84
2022-01-07,2048.92
2022-01-10,2043.56
2022-01-11,2045.53
2022-01-12,2042.07
2022-01-13,2046.16
2022-01-14,2044.12
2022-01-17,2038.12
2022-01-18,2040.61
2022-01-19,2043.11
2022-01-20,2042.72
2022-01-21,2040.81
2022-01-24,2038.66
2022-01-25,2037.98
2022-01-27,2027.11
2022-01-28,2025.37
2022-01-31,2034.92
2022-02-01,2014.29
2022-02-02,2007.86
2022-02-03,2004.84
2022-02-04,2005.64
2022-02-07,2006.78
2022-02-08,2018.03
2022-02-09,2021.3
2022-02-10,2031.07
2022-02-11,2034.78
2022-02-14,2041.27
2022-02-15,2040.51
2022-02-16,2039.16
2022-02-17,2041.7
2022-02-18,2043.39
2022-02-21,2040.35
2022-02-22,2032.06
2022-02-23,2033.64
2022-02-24,2031.42
2022-02-25,2032.56
2022-02-28,2033.57
2022-03-01,2033.95
2022-03-02,2027.23
2022-03-03,2025
2022-03-04,2028.2
2022-03-07,2018.59
2022-03-08,2017.81
2022-03-09,2022.63
2022-03-10,2031.42
2022-03-11,2025.23
2022-03-14,2026.49
2022-03-15,2031.31
2022-03-16,2033.59
2022-03-17,2038.07
2022-03-21,2037.74
2022-03-22,2033.21
2022-03-23,2033.52
2022-03-24,2032.64
2022-03-25,2035.68
2022-03-28,2033.66
2022-03-29,2035.88
2022-03-30,2041.65
2022-03-31,2036.93
2022-04-01,2037.31
2022-04-04,2027.28
2022-04-05,2027.3
2022-04-06,2025.23
2022-04-07,2026.3
2022-04-08,2000.14
2022-04-11,1996.23
2022-04-12,1989.91
2022-04-13,1984.31
2022-04-18,1993.01
2022-04-19,1996.87
2022-04-20,2003.1
2022-04-21,1999.35
2022-04-22,1995.6
2022-04-25,2014.47
2022-04-26,2014.99
2022-04-27,2011.05
2022-04-28,2000.99
2022-04-29,2003.49
2022-05-02,2007.3
2022-05-04,1972.23
2022-05-05,1969.65
2022-05-06,1963.24
2022-05-09,1961.42
2022-05-10,1983.6
2022-05-11,1995.88
2022-05-12,1999.48
2022-05-13,1985.04
2022-05-16,1986.23
2022-05-17,1979.73
2022-05-18,1981.53
2022-05-19,1985.72
2022-05-20,1981.74
2022-05-23,1978.89
2022-05-24,1983.17
2022-05-25,1989.97
2022-05-26,1992.33
2022-05-27,1984.37
2022-05-30,1978.72
2022-05-31,1977.13
2022-06-01,1977.85
2022-06-02,1975.79
2022-06-03,1973.94
2022-06-06,1969.2
2022-06-07,1965.9
2022-06-08,1970.53
2022-06-09,1969.36
2022-06-10,1967.63
2022-06-13,1958.17
2022-06-14,1960.5
2022-06-15,1959.82
2022-06-16,1958.55
2022-06-17,1966.04
2022-06-20,1983.13
2022-06-21,1977.56
2022-06-22,1988.5
2022-06-23,1986.96
2022-06-24,1983.58
2022-06-27,1989
2022-06-28,1982.77
2022-06-29,1983.62
2022-06-30,1986.11
2022-07-01,1989.65
2022-07-04,1996.31
2022-07-05,1995.86
2022-07-06,2007.7
2022-07-07,2000.8
2022-07-08,1994.14
2022-07-11,1992.5
2022-07-12,1996.84
2022-07-13,2004.31
2022-07-14,1999.8
2022-07-15,1993.41
2022-07-18,1994.33
2022-07-19,1994.42
2022-07-20,1993.74
2022-07-21,1993.78
2022-07-22,1999.35
2022-07-25,2003.73
2022-07-26,2006.23
2022-07-27,2011.08
2022-07-28,2012.21
2022-07-29,2014.7
2022-08-01,2025.11
2022-08-02,2032.97
2022-08-03,2027.88
2022-08-04,2038.88
2022-08-05,2018.56
2022-08-08,2014.73
2022-08-10,2020.62
2022-08-11,2026.93
2022-08-12,2023.83
2022-08-16,2025.44
2022-08-17,2040.84
2022-08-18,2033.22
2022-08-19,2030.03
2022-08-22,2029.86
2022-08-24,2029.19
2022-08-25,2028.52
2022-08-26,2040.31
2022-08-29,2036.5
2022-08-30,2044.81
2022-09-01,2043.15
2022-09-02,2040.16
2022-09-05,2043.75
2022-09-06,2047.82
2022-09-07,2049.02
2022-09-08,2056.05
2022-09-09,2051.75
2022-09-12,2049.34
2022-09-13,2057.56
2022-09-14,2052.93
2022-09-15,2042.51
2022-09-16,2037.16
2022-09-19,2038.53
2022-09-20,2035.02
2022-09-21,2038.28
2022-09-22,2028.42
2022-09-23,2019.16
2022-09-26,2019.48
2022-09-27,2030.31
2022-09-28,2027.41
2022-09-29,2027.9
2022-09-30,2020.35
2022-10-03,2012.22
2022-10-04,2025.44
2022-10-06,2014.19
2022-10-07,2013.12
2022-10-10,2011.95
2022-10-11,2018.2
2022-10-12,2019.91
2022-10-13,2021.56
2022-10-14,2015.19
2022-10-17,2026.43
2022-10-18,2024.94
2022-10-19,2019.9
2022-10-20,2015.79
2022-10-21,2011.61
2022-10-24,2012.85
2022-10-25,2023.19
2022-10-27,2028.29
2022-10-28,2029.31
2022-10-31,2025.11
2022-11-01,2031.92
2022-11-02,2032.06
2022-11-03,2021.47
2022-11-04,2024.35
2022-11-07,2028.49
2022-11-09,2037.15
2022-11-10,2043.83
2022-11-11,2050.52
2022-11-14,2052.2
2022-11-15,2056.42
2022-11-16,2056.02
2022-11-17,2055.85
2022-11-18,2051.64
2022-11-21,2050.44
2022-11-22,2055.28
2022-11-23,2056.37
2022-11-24,2060.99
2022-11-25,2056.5
2022-11-28,2061.67
2022-11-29,2060.11
2022-11-30,2060.01
2022-12-01,2071
2022-12-02,2069.08
2022-12-05,2070.4
2022-12-06,2067.28
2022-12-07,2063.78
2022-12-08,2063.35
2022-12-09,2061.68
2022-12-12,2064.07
2022-12-13,2068.01
2022-12-14,2074.12
2022-12-15,2068.76
2022-12-16,2066.76
2022-12-19,2066.73
2022-12-20,2065.14
2022-12-21,2068.38
2022-12-22,2065.47
2022-12-23,2065.19
2022-12-26,2065.3
2022-12-27,2067.52
2022-12-28,2067.34
2022-12-29,2067.74
2022-12-30,2065.94
2023-01-02,2065.41
2023-01-03,2067.83
2023-01-04,2069.1
2023-01-05,2068.23
2023-01-06,2063.08
2023-01-09,2068.11
2023-01-10,2071.98
2023-01-11,2075.56
2023-01-12,2077.06
2023-01-13,2076.29
2023-01-16,2073.18
2023-01-17,2072.63
2023-01-18,2074.32
2023-01-19,2076.94
2023-01-20,2071.42
2023-01-23,2072.3
2023-01-24,2073.21
2023-01-25,2073.43
2023-01-27,2068.94
2023-01-30,2068.73
2023-01-31,2074.54
2023-02-01,2085.58
2023-02-02,2084
2023-02-03,2085.74
2023-02-06,2082.29
2023-02-07,2083.84
2023-02-08,2079.81
2023-02-09,2080.45
2023-02-10,2077.96
2023-02-13,2078.83
2023-02-14,2078.59
2023-02-15,2082.21
2023-02-16,2083.34
2023-02-17,2077.51
2023-02-20,2081.29
2023-02-21,2078.75
2023-02-22,2073.9
2023-02-23,2079.72
2023-02-24,2077.57
2023-02-27,2074.05
2023-02-28,2073.91
2023-03-01,2076.61
2023-03-02,2077.58
2023-03-03,2079.61
2023-03-06,2081.13
2023-03-08,2075.54
2023-03-09,2078.34
2023-03-10,2080.48
2023-03-13,2089.56
2023-03-14,2089.19
2023-03-15,2091.78
2023-03-16,2094.57
2023-03-17,2093.76
2023-03-20,2097.62
2023-03-21,2096.11
2023-03-22,2096.53
2023-03-23,2098.41
2023-03-24,2101.37
2023-03-27,2104.27
2023-03-28,2102.63
2023-03-29,2106.59
2023-03-31,2103.72
2023-04-03,2105.47
2023-04-05,2111.72
2023-04-06,2120.67
2023-04-10,2121.7
2023-04-11,2123.22
2023-04-12,2126.01
2023-04-13,2122.91
2023-04-17,2122.29
2023-04-18,2127.27
2023-04-19,2127.3
2023-04-20,2128.37
2023-04-21,2134.66
2023-04-24,2142.68
2023-04-25,2143.2
2023-04-26,2142.74
2023-04-27,2146.05
2023-04-28,2143.65
2023-05-02,2146.83
2023-05-03,2161.09
2023-05-04,2161.08
2023-05-05,2161.49
2023-05-08,2157.9
2023-05-09,2158.52
2023-05-10,2160.28
2023-05-11,2162.64
2023-05-12,2167.15
2023-05-15,2167.58
2023-05-16,2173.61
2023-05-17,2172.62
2023-05-18,2171.5
2023-05-19,2168.8
2023-05-22,2172.78
2023-05-23,2168.68
2023-05-24,2172.83
2023-05-25,2170.9
2023-05-26,2171.83
2023-05-29,2169.94
2023-05-30,2171.88
2023-05-31,2175.55
2023-06-01,2177.33
2023-06-02,2177.17
2023-06-05,2176.41
2023-06-06,2179.77
2023-06-07,2179.56
2023-06-08,2174.25
2023-06-09,2171.92
2023-06-12,2176.6
2023-06-13,2179.05
2023-06-14,2178.14
2023-06-15,2174.91
2023-06-16,2175.62
2023-06-19,2174.14
2023-06-20,2173.64
2023-06-21,2173.01
2023-06-22,2170.61
2023-06-23,2172.76
2023-06-26,2175.07
2023-06-27,2176.07
2023-06-28,2177.51
2023-06-30,2170.41
2023-07-03,2170.78
2023-07-04,2170.8
2023-07-05,2173.25
2023-07-06,2167.63
2023-07-07,2166.41
2023-07-10,2169.15
2023-07-11,2177.19
2023-07-12,2174.38
2023-07-13,2181.55
2023-07-14,2179.37
2023-07-17,2182.78
2023-07-18,2185.57
2023-07-19,2183.94
2023-07-20,2182.83
2023-07-21,2182.6
2023-07-24,2186.24
2023-07-25,2182.4
2023-07-26,2183.43
2023-07-27,2180.5
2023-07-28,2174.91
2023-07-31,2174.23
2023-08-01,2176.91
2023-08-02,2177.69
2023-08-03,2172.48
2023-08-04,2172.96
2023-08-07,2173.64
2023-08-08,2178.38
2023-08-09,2177.31
2023-08-10,2181.23
2023-08-11,2175.2
2023-08-14,2174.94
2023-08-16,2175.79
2023-08-17,2170.19
2023-08-18,2175.82
2023-08-21,2176.22
2023-08-22,2176.94
2023-08-23,2180.87
2023-08-24,2181.47
2023-08-25,2180.14
2023-08-28,2185.43
2023-08-29,2185.59
2023-08-30,2184.85
2023-08-31,2188.05
2023-09-01,2186.84
2023-09-04,2184.13
2023-09-05,2183.79
2023-09-06,2183.11
2023-09-07,2188.63
2023-09-08,2185.45
2023-09-11,2181.16
2023-09-12,2182.44
2023-09-13,2187.5
2023-09-14,2198.84
2023-09-15,2190.49
2023-09-18,2193
2023-09-20,2193.49
2023-09-21,2196.46
2023-09-22,2194.68
2023-09-25,2195.93
2023-09-26,2196.98
2023-09-27,2193.4
2023-09-28,2184.02
2023-09-29,2188.69
2023-10-03,2186.61
2023-10-04,2186.48
2023-10-05,2190.55
2023-10-06,2172.3
2023-10-09,2166.53
2023-10-10,2172.14
2023-10-11,2179.2
2023-10-12,2180.37
2023-10-13,2178.16
2023-10-16,2177.45
2023-10-17,2178.64
2023-10-18,2175.34
2023-10-19,2173.46
2023-10-20,2174.56
2023-10-23,2173.26
2023-10-25,2179.97
2023-10-26,2176.96
2023-10-27,2179.52
2023-10-30,2177.78
2023-10-31,2180.98
2023-11-01,2180.28
2023-11-02,2186.1
2023-11-03,2187.35
2023-11-06,2190.37
2023-11-07,2194.6
2023-11-08,2197.07
2023-11-09,2197.12
2023-11-10,2192.9
2023-11-12,2193.78
2023-11-13,2196.71
2023-11-15,2206.27
2023-11-16,2205.73
2023-11-17,2209.04
2023-11-20,2204.43
2023-11-21,2202.32
2023-11-22,2205.91
2023-11-23,2205.55
2023-11-24,2203.18
2023-11-28,2204.69
2023-11-29,2208.39
2023-11-30,2204.73
2023-12-01,2203.51
2023-12-04,2207.76
2023-12-05,2209.5
2023-12-06,2212.04
2023-12-07,2214.26
2023-12-08,2210.16
2023-12-11,2209.24
2023-12-12,2210.52
2023-12-13,2213.38
2023-12-14,2223.46
2023-12-15,2228.58
2023-12-18,2231.51
2023-12-19,2229.27
2023-12-20,2229.62
2023-12-21,2228.1
2023-12-22,2227.97
2023-12-26,2230.43
2023-12-27,2227.71
2023-12-28,2227.69
2023-12-29,2232.79
2024-01-01,2230.75
2024-01-02,2229.56
2024-01-03,2228.6
2024-01-04,2228.36
2024-01-05,2226.63
2024-01-08,2232.63
2024-01-09,2235.15
2024-01-10,2237.27
2024-01-11,2239.71
2024-01-12,2238.18
2024-01-15,2243.88
2024-01-16,2244.69
2024-01-17,2242.65
2024-01-18,2240.83
2024-01-19,2240.41
2024-01-20,2240.85
2024-01-23,2243.54
2024-01-24,2243
2024-01-25,2244.83
2024-01-29,2246.71
2024-01-30,2249.08
2024-01-31,2251.03
2024-02-01,2263.59
2024-02-02,2266.08
2024-02-05,2261.25
2024-02-06,2261.55
2024-02-07,2264.6
2024-02-08,2264
2024-02-09,2259.66
2024-02-12,2263.33
2024-02-13,2263.81
2024-02-14,2261.63
2024-02-15,2266.49
2024-02-16,2264.8
2024-02-19,2266.12
2024-02-20,2272.28
2024-02-21,2275.31
2024-02-22,2273.06
2024-02-23,2271.34
2024-02-26,2274.81
2024-02-27,2274.42
2024-02-28,2275.36
2024-02-29,2274.25
2024-03-01,2277.47
2024-03-02,2277.91
2024-03-04,2278.73
2024-03-05,2279.66
2024-03-06,2280.51
2024-03-07,2284.6
2024-03-11,2288.88
2024-03-12,2287.45
2024-03-13,2285.97
2024-03-14,2286.02
2024-03-15,2283.3
2024-03-18,2280.82
2024-03-19,2280.01
2024-03-20,2280.14
2024-03-21,2287.76
2024-03-22,2282.72
2024-03-26,2283.96
2024-03-27,2287.04
2024-03-28,2290.54
2024-04-01,2291.86
2024-04-02,2283.75
2024-04-03,2284.71
2024-04-04,2286.62
2024-04-05,2283.71
2024-04-08,2279.49
2024-04-09,2279.93
2024-04-10,2285.98
2024-04-12,2277.39
2024-04-15,2279.41
2024-04-16,2278.51
2024-04-18,2281.12
2024-04-19,2276.9
2024-04-22,2281.69
2024-04-23,2284.05
2024-04-24,2282.82
2024-04-25,2279.76
2024-04-26,2279.84
2024-04-29,2281.43
2024-04-30,2281.82
2024-05-02,2287.75
2024-05-03,2290.08
2024-05-06,2297.9
2024-05-07,2295.35
2024-05-08,2295.63
2024-05-09,2297.12
2024-05-10,2298.76
2024-05-13,2301.81
2024-05-14,2303.94
2024-05-15,2307.39
2024-05-16,2309.63
2024-05-17,2307.12
2024-05-18,2307.56
2024-05-21,2311.24
2024-05-22,2317.5
2024-05-23,2317.95
2024-05-24,2318.25
2024-05-27,2322.37
2024-05-28,2320.55
2024-05-29,2318.78
2024-05-30,2319.6
2024-05-31,2322.94
2024-06-03,2330.38
2024-06-04,2316.97
2024-06-05,2318.63
2024-06-06,2320.92
2024-06-07,2320.83
2024-06-10,2319.91
2024-06-11,2323.15
2024-06-12,2323.92
2024-06-13,2328.53
2024-06-14,2329.37
2024-06-18,2331.59
2024-06-19,2333.27
2024-06-20,2333.24
2024-06-21,2334.19
2024-06-24,2335.94
2024-06-25,2334.42
2024-06-26,2332.65
2024-06-27,2332.51
2024-06-28,2331.82
2024-07-01,2332.28
2024-07-02,2333.37
2024-07-03,2335.2
2024-07-04,2336.03
2024-07-05,2337.27
2024-07-08,2339.27
2024-07-09,2339.69
2024-07-10,2342.21
2024-07-11,2341.71
2024-07-12,2341.5
2024-07-15,2343.83
2024-07-16,2346.43
2024-07-18,2347.44
2024-07-19,2348.07
2024-07-22,2349.04
2024-07-23,2349.06
2024-07-24,2350.37
2024-07-25,2352.77
2024-07-26,2355.12
2024-07-29,2359.76
2024-07-30,2357.84
2024-07-31,2359.49
2024-08-01,2361.21
2024-08-02,2364.17
2024-08-05,2372.08
2024-08-06,2370.54
2024-08-07,2372.59
2024-08-08,2370.58
2024-08-09,2370.56
2024-08-12,2372
2024-08-13,2372.32
2024-08-14,2376.35
2024-08-16,2375.81
2024-08-19,2377.59
2024-08-20,2379.36
2024-08-21,2380.2
2024-08-22,2380.76
2024-08-23,2380.24
2024-08-26,2382.84
2024-08-27,2381.64
2024-08-28,2382.08
2024-08-29,2382.12
2024-08-30,2382.19
2024-09-02,2381.54
2024-09-03,2382.92
2024-09-04,2385.12
2024-09-05,2386.22
2024-09-06,2386.75
2024-09-09,2388.1
2024-09-10,2389
2024-09-11,2392.88
2024-09-12,2396.37
2024-09-13,2399.78
2024-09-16,2406.07
2024-09-17,2403.74
2024-09-18,2404.19
2024-09-19,2407.93
2024-09-20,2407.94
2024-09-23,2408.32
2024-09-24,2409.68
2024-09-25,2413.83
2024-09-26,2417.48
2024-09-27,2411.36
2024-09-30,2414.22
2024-10-01,2417.61
2024-10-03,2411.21
2024-10-04,2403.25
2024-10-07,2401.98
2024-10-08,2408.9
2024-10-09,2416.03
2024-10-10,2414.95
2024-10-11,2413.9
2024-10-14,2415.27
2024-10-15,2417.19
2024-10-16,2416.65
2024-10-17,2415.31
2024-10-18,2412.18
2024-10-21,2410.56
2024-10-22,2411.18
2024-10-23,2413.81
2024-10-24,2412.58
2024-10-25,2409.22
2024-10-28,2406.91
2024-10-29,2408.86
2024-10-30,2412.24
2024-10-31,2410.74
2024-11-01,2411.19
2024-11-04,2414.26
2024-11-05,2414.43
2024-11-06,2414.97
2024-11-07,2415.86
2024-11-08,2420.01
2024-11-11,2419.42
2024-11-12,2418.11
2024-11-13,2417.11
2024-11-14,2413.65
2024-11-18,2416.57
2024-11-19,2418.71
2024-11-21,2416.16
2024-11-22,2413.3
2024-11-25,2419.41
2024-11-26,2418.95
2024-11-27,2421.99
2024-11-28,2423.65
2024-11-29,2432.76
2024-12-02,2441.67
2024-12-03,2441.49
2024-12-04,2446.84
2024-12-05,2448.22
2024-12-06,2438.51
2024-12-09,2443.74
2024-12-10,2446.15
2024-12-11,2444.47
2024-12-12,2441.92
2024-12-13,2443.43
2024-12-16,2442.75
2024-12-17,2440.13
2024-12-18,2442.01
2024-12-19,2436.3
2024-12-20,2436.1
2024-12-23,2439.86
2024-12-24,2440.39
2024-12-26,2439.98
2024-12-27,2439.77
2024-12-30,2442.72
2024-12-31,2445.95
2025-01-01,2443.04
2025-01-02,2442.07
2025-01-03,2443.97
2025-01-06,2448.11
2025-01-07,2451.28
2025-01-08,2448.19
2025-01-09,2449.12
2025-01-10,2448.78
2025-01-13,2437.72
2025-01-14,2440.44
2025-01-15,2443.72
2025-01-16,2453.82
2025-01-17,2451.16
2025-01-20,2454.43
2025-01-21,2459.66
2025-01-22,2462.71
2025-01-23,2460.31
2025-01-24,2463.51
2025-01-27,2472.36
2025-01-28,2472.07
2025-01-29,2472.08
2025-01-30,2472.81
2025-01-31,2470.5
2025-02-01,2470.95
2025-02-03,2476.06
2025-02-04,2476.1
2025-02-05,2477.96
2025-02-06,2479.58
2025-02-07,2472.85
2025-02-10,2471.91
2025-02-11,2475.07
2025-02-12,2475.51
2025-02-13,2473.39
2025-02-14,2474.97
2025-02-17,2478.6
2025-02-18,2480.71
2025-02-19,2481.16
2025-02-20,2478.12
2025-02-21,2477.79
2025-02-24,2479.79
2025-02-25,2479.88
2025-02-27,2480.22
2025-02-28,2479.28
2025-03-03,2478.38
2025-03-04,2478
2025-03-05,2482.48
2025-03-06,2489.14
2025-03-07,2488.4
2025-03-10,2487.47
2025-03-11,2489.56
2025-03-12,2491.42
2025-03-13,2489.85
2025-03-17,2492.72
2025-03-18,2496.31
2025-03-19,2498.71
2025-03-20,2502.46
2025-03-21,2504.95
2025-03-24,2506.15
2025-03-25,2505.85
2025-03-26,2511.58
