date,tri
2015-04-01,8613.349609
2015-04-06,8688.400391
2015-04-07,8702.75
2015-04-08,8759
2015-04-09,8815
2015-04-10,8825.900391
2015-04-13,8882.299805
2015-04-15,8799.849609
2015-04-16,8753.900391
2015-04-17,8647.950195
2015-04-20,8487
2015-04-21,8418.700195
2015-04-22,8463.599609
2015-04-23,8441.099609
2015-04-24,8342.900391
2015-04-27,8241.299805
2015-04-28,8323.450195
2015-04-29,8287.400391
2015-04-30,8239.549805
2015-05-04,8389.900391
2015-05-05,8393.549805
2015-05-06,8156.75
2015-05-07,8089.350098
2015-05-08,8230.049805
2015-05-11,8372.049805
2015-05-12,8179.200195
2015-05-13,8298.5
2015-05-14,8305.200195
2015-05-15,8342.25
2015-05-18,8452.549805
2015-05-19,8445.25
2015-05-20,8495.900391
2015-05-21,8489.5
2015-05-22,8523.150391
2015-05-25,8447.599609
2015-05-26,8419.599609
2015-05-27,8406.5
2015-05-28,8383.450195
2015-05-29,8499.849609
2015-06-01,8495.549805
2015-06-02,8300.849609
2015-06-03,8197.900391
2015-06-04,8196.549805
2015-06-05,8186.25
2015-06-08,8109
2015-06-09,8087.649902
2015-06-10,8187.149902
2015-06-11,8032.350098
2015-06-12,8049.950195
2015-06-15,8078.25
2015-06-16,8114.5
2015-06-17,8172.200195
2015-06-18,8248.650391
2015-06-19,8298.700195
2015-06-22,8427.450195
2015-06-23,8453.400391
2015-06-24,8428.599609
2015-06-25,8467.25
2015-06-26,8450.950195
2015-06-29,8382.650391
2015-06-30,8440.950195
2015-07-01,8528.849609
2015-07-02,8536.25
2015-07-03,8568.950195
2015-07-06,8609.700195
2015-07-07,8606.150391
2015-07-08,8465
2015-07-09,8433.700195
2015-07-10,8460.200195
2015-07-13,8560.450195
2015-07-14,8558.549805
2015-07-15,8618.049805
2015-07-16,8706.700195
2015-07-17,8716
2015-07-20,8711.099609
2015-07-21,8626.150391
2015-07-22,8729.25
2015-07-23,8692.950195
2015-07-24,8624.650391
2015-07-27,8470.650391
2015-07-28,8446.75
2015-07-29,8485.5
2015-07-30,8535.25
2015-07-31,8645.849609
2015-08-03,8666.049805
2015-08-04,8664.400391
2015-08-05,8720.650391
2015-08-06,8744.5
2015-08-07,8719.099609
2015-08-10,8686.25
2015-08-11,8623.700195
2015-08-12,8493.25
2015-08-13,8493.950195
2015-08-14,8661.950195
2015-08-17,8634.5
2015-08-18,8632.099609
2015-08-19,8657.700195
2015-08-20,8535.099609
2015-08-21,8462.400391
2015-08-24,7929.350098
2015-08-25,8018.899902
2015-08-26,7932.899902
2015-08-27,8102.200195
2015-08-28,8153.549805
2015-08-31,8119.549805
2015-09-01,7938.950195
2015-09-02,7869.399902
2015-09-03,7973.399902
2015-09-04,7804.700195
2015-09-07,7692.100098
2015-09-08,7806.950195
2015-09-09,7943.399902
2015-09-10,7924.100098
2015-09-11,7925.299805
2015-09-14,8016.25
2015-09-15,7968.049805
2015-09-16,8017.450195
2015-09-18,8098.299805
2015-09-21,8096
2015-09-22,7937.549805
2015-09-23,7963.549805
2015-09-24,7982.950195
2015-09-28,7910.850098
2015-09-29,7953.25
2015-09-30,8068
2015-10-01,8079.25
2015-10-05,8248.799805
2015-10-06,8280.799805
2015-10-07,8301.900391
2015-10-08,8244.599609
2015-10-09,8295.150391
2015-10-12,8255.599609
2015-10-13,8242.849609
2015-10-14,8223.849609
2015-10-15,8287.599609
2015-10-16,8340.099609
2015-10-19,8380.349609
2015-10-20,8369.450195
2015-10-21,8354.5
2015-10-23,8384.849609
2015-10-26,8349.599609
2015-10-27,8329.900391
2015-10-28,8273.75
2015-10-29,8215.599609
2015-10-30,8175.850098
2015-11-02,8165.450195
2015-11-03,8181.350098
2015-11-04,8164.899902
2015-11-05,8075.149902
2015-11-06,8069.600098
2015-11-09,8044.450195
2015-11-10,7907.649902
2015-11-13,7886.899902
2015-11-16,7917.450195
2015-11-17,7951.25
2015-11-18,7855.25
2015-11-19,7963.899902
2015-11-20,7984.850098
2015-11-23,7981.549805
2015-11-24,7968.600098
2015-11-26,8014.25
2015-11-27,8067.899902
2015-11-30,8057.200195
2015-12-01,8087.5
2015-12-02,8069.049805
2015-12-03,8002.299805
2015-12-04,7921.799805
2015-12-07,7908.649902
2015-12-08,7842
2015-12-09,7742.25
2015-12-10,7812.549805
2015-12-11,7740.149902
2015-12-14,7780.149902
2015-12-15,7832
2015-12-16,7879.549805
2015-12-17,7978.100098
2015-12-18,7908.5
2015-12-21,7978.899902
2015-12-22,7934.049805
2015-12-23,8008.649902
2015-12-24,8005.549805
2015-12-28,8064.299805
2015-12-29,8071.75
2015-12-30,8039.799805
2015-12-31,8090.899902
2016-01-01,8118.149902
2016-01-04,7957.899902
2016-01-05,7959.850098
2016-01-06,7918.75
2016-01-07,7731.649902
2016-01-08,7772.549805
2016-01-11,7726
2016-01-12,7672.700195
2016-01-13,7712.450195
2016-01-14,7679.5
2016-01-15,7562.100098
2016-01-18,7455.799805
2016-01-19,7542.649902
2016-01-20,7412.75
2016-01-21,7370.149902
2016-01-22,7520.200195
2016-01-25,7533
2016-01-27,7535.149902
2016-01-28,7518.950195
2016-01-29,7659.649902
2016-02-01,7657.700195
2016-02-02,7547.75
2016-02-03,7452.049805
2016-02-04,7487.75
2016-02-05,7587.700195
2016-02-08,7497.850098
2016-02-09,7395.75
2016-02-10,7309.549805
2016-02-11,7068.850098
2016-02-12,7073
2016-02-15,7266.200195
2016-02-16,7138.799805
2016-02-17,7194.399902
2016-02-18,7271.600098
2016-02-19,7288.5
2016-02-22,7317.100098
2016-02-23,7197.450195
2016-02-24,7105.299805
2016-02-25,7058.850098
2016-02-26,7117.299805
2016-02-29,7083.950195
2016-03-01,7320.799805
2016-03-02,7460.850098
2016-03-03,7560.200195
2016-03-04,7578.549805
2016-03-08,7580.350098
2016-03-09,7622.899902
2016-03-10,7579.049805
2016-03-11,7603.100098
2016-03-14,7631
2016-03-15,7552.850098
2016-03-16,7580.399902
2016-03-17,7601.75
2016-03-18,7686.600098
2016-03-21,7789.25
2016-03-22,7803.100098
2016-03-23,7806.299805
2016-03-28,7701.899902
2016-03-29,7686.049805
2016-03-30,7822.899902
2016-03-31,7832.149902
2016-04-01,7810.700195
2016-04-04,7853.100098
2016-04-05,7701.700195
2016-04-06,7718.450195
2016-04-07,7655.100098
2016-04-08,7668.399902
2016-04-11,7778.600098
2016-04-12,7819.399902
2016-04-13,7954.600098
2016-04-18,8022.299805
2016-04-20,8023.950195
2016-04-21,8021.25
2016-04-22,8012.149902
2016-04-25,7966.399902
2016-04-26,8066.25
2016-04-27,8084.75
2016-04-28,7956.200195
2016-04-29,7963.649902
2016-05-02,7945.25
2016-05-03,7882.25
2016-05-04,7828.149902
2016-05-05,7854.75
2016-05-06,7859.450195
2016-05-09,7982.799805
2016-05-10,8001.950195
2016-05-11,7969.549805
2016-05-12,8026.399902
2016-05-13,7941.5
2016-05-16,7979.950195
2016-05-17,8006.5
2016-05-18,7989.049805
2016-05-19,7900.200195
2016-05-20,7863.350098
2016-05-23,7844.600098
2016-05-24,7857
2016-05-25,8029.850098
2016-05-26,8159.049805
2016-05-27,8251.900391
2016-05-30,8276.099609
2016-05-31,8254.799805
2016-06-01,8272.599609
2016-06-02,8314.400391
2016-06-03,8316.400391
2016-06-06,8292.450195
2016-06-07,8354.200195
2016-06-08,8366.25
2016-06-09,8302.900391
2016-06-10,8267.450195
2016-06-13,8207.450195
2016-06-14,8208.700195
2016-06-15,8301.450195
2016-06-16,8243.650391
2016-06-17,8268.900391
2016-06-20,8334.299805
2016-06-21,8321.150391
2016-06-22,8307.450195
2016-06-23,8366.349609
2016-06-24,8192.849609
2016-06-27,8210.25
2016-06-28,8248.450195
2016-06-29,8326.700195
2016-06-30,8416.200195
2016-07-01,8469.849609
2016-07-04,8516.599609
2016-07-05,8485.5
2016-07-07,8485.599609
2016-07-08,8476.049805
2016-07-11,8622.200195
2016-07-12,8678.650391
2016-07-13,8671.700195
2016-07-14,8716.700195
2016-07-15,8700.099609
2016-07-18,8662.549805
2016-07-19,8684.349609
2016-07-20,8727.099609
2016-07-21,8680.849609
2016-07-22,8725.299805
2016-07-25,8821.549805
2016-07-26,8781.5
2016-07-27,8811.75
2016-07-28,8860.5
2016-07-29,8839
2016-08-01,8841.450195
2016-08-02,8819.950195
2016-08-03,8727.950195
2016-08-04,8741.849609
2016-08-05,8881.900391
2016-08-08,8921
2016-08-09,8883.650391
2016-08-10,8771.400391
2016-08-11,8789.700195
2016-08-12,8871.5
2016-08-16,8853.049805
2016-08-17,8846.849609
2016-08-18,8894.849609
2016-08-19,8893
2016-08-22,8851.950195
2016-08-23,8846.549805
2016-08-24,8874.549805
2016-08-25,8816.700195
2016-08-26,8803.900391
2016-08-29,8835.150391
2016-08-30,8962.549805
2016-08-31,9000.5
2016-09-01,8987.799805
2016-09-02,9022.25
2016-09-06,9160.450195
2016-09-07,9142.549805
2016-09-08,9177.900391
2016-09-09,9090.75
2016-09-12,8918.950195
2016-09-14,8943.549805
2016-09-15,8950.599609
2016-09-16,8986.25
2016-09-19,9015.049805
2016-09-20,8987.299805
2016-09-21,8987.450195
2016-09-22,9083.900391
2016-09-23,9054.75
2016-09-26,8956.400391
2016-09-27,8940.5
2016-09-28,8983.799805
2016-09-29,8799.950195
2016-09-30,8844.200195
2016-10-03,8992.549805
2016-10-04,9029.200195
2016-10-05,9010
2016-10-06,8979.25
2016-10-07,8965.299805
2016-10-10,8971.950195
2016-10-13,8832.299805
2016-10-14,8847.299805
2016-10-17,8784.450195
2016-10-18,8945.599609
2016-10-19,8933.900391
2016-10-20,8970.299805
2016-10-21,8967.549805
2016-10-24,8977.099609
2016-10-25,8963.450195
2016-10-26,8883.150391
2016-10-27,8866.150391
2016-10-28,8906.049805
2016-11-01,8904.400391
2016-11-02,8781.099609
2016-11-03,8736.150391
2016-11-04,8673.849609
2016-11-07,8738
2016-11-08,8782.900391
2016-11-09,8660.150391
2016-11-10,8763.549805
2016-11-11,8518.450195
2016-11-15,8296.049805
2016-11-16,8309
2016-11-17,8281.950195
2016-11-18,8283.299805
2016-11-21,8124.600098
2016-11-22,8208.349609
2016-11-23,8253.650391
2016-11-24,8194.599609
2016-11-25,8344.049805
2016-11-28,8365.099609
2016-11-29,8379.549805
2016-11-30,8466.400391
2016-12-01,8425.900391
2016-12-02,8316.349609
2016-12-05,8365
2016-12-06,8380.900391
2016-12-07,8344.299805
2016-12-08,8493.400391
2016-12-09,8501.700195
2016-12-12,8406.349609
2016-12-13,8443.700195
2016-12-14,8397.299805
2016-12-15,8370.25
2016-12-16,8355.75
2016-12-19,8316.549805
2016-12-20,8286.400391
2016-12-21,8267.549805
2016-12-22,8173.549805
2016-12-23,8173.25
2016-12-26,8083.049805
2016-12-27,8214.450195
2016-12-28,8222
2016-12-29,8296.799805
2016-12-30,8382.5
2017-01-02,8389.25
2017-01-03,8411.200195
2017-01-04,8407.900391
2017-01-05,8501.650391
2017-01-06,8472.700195
2017-01-09,8466.799805
2017-01-10,8526.200195
2017-01-11,8623.150391
2017-01-12,8651
2017-01-13,8646.700195
2017-01-16,8666.450195
2017-01-17,8653.099609
2017-01-18,8678.299805
2017-01-19,8697.950195
2017-01-20,8602.900391
2017-01-23,8651.599609
2017-01-24,8739.450195
2017-01-25,8867.950195
2017-01-27,8908.900391
2017-01-30,8910
2017-01-31,8825
2017-02-01,8988.450195
2017-02-02,9013.900391
2017-02-03,9021.349609
2017-02-06,9089.650391
2017-02-07,9056.75
2017-02-08,9065
2017-02-09,9073.549805
2017-02-10,9082.950195
2017-02-13,9093
2017-02-14,9067.400391
2017-02-15,8990.200195
2017-02-16,9062.099609
2017-02-17,9110.200195
2017-02-20,9169.400391
2017-02-21,9207.25
2017-02-22,9213.900391
2017-02-23,9219.25
2017-02-27,9180.849609
2017-02-28,9170.950195
2017-03-01,9229.75
2017-03-02,9167.650391
2017-03-03,9165.049805
2017-03-06,9230.25
2017-03-07,9214.549805
2017-03-08,9190.049805
2017-03-09,9190.150391
2017-03-10,9193.599609
2017-03-14,9348.75
2017-03-15,9356.849609
2017-03-16,9437.900391
2017-03-17,9442.650391
2017-03-20,9414.450195
2017-03-21,9401.099609
2017-03-22,9308.299805
2017-03-23,9371.900391
2017-03-24,9391.099609
2017-03-27,9330.650391
2017-03-28,9390.450195
2017-03-29,9428.549805
2017-03-30,9460.700195
2017-03-31,9467.099609
2017-04-03,9528.599609
2017-04-05,9567.950195
2017-04-06,9570.150391
2017-04-07,9514.450195
2017-04-10,9510.599609
2017-04-11,9567.25
2017-04-12,9540.700195
2017-04-13,9492.450195
2017-04-17,9478.900391
2017-04-18,9432.799805
2017-04-19,9440.700195
2017-04-20,9474.799805
2017-04-21,9463.599609
2017-04-24,9562.099609
2017-04-25,9662.950195
2017-04-26,9699
2017-04-27,9683
2017-04-28,9652.450195
2017-05-02,9668.950195
2017-05-03,9666.400391
2017-05-04,9712.400391
2017-05-05,9625.349609
2017-05-08,9657.099609
2017-05-09,9672.049805
2017-05-10,9771.049805
2017-05-11,9786.700195
2017-05-12,9760.650391
2017-05-15,9812.650391
2017-05-16,9870.200195
2017-05-17,9873.450195
2017-05-18,9757
2017-05-19,9746.549805
2017-05-22,9742.450195
2017-05-23,9676.5
2017-05-24,9631.200195
2017-05-25,9776.150391
2017-05-26,9884.25
2017-05-29,9877.799805
2017-05-30,9906.099609
2017-05-31,9909.599609
2017-06-01,9909.099609
2017-06-02,9951
2017-06-05,9981.700195
2017-06-06,9937.299805
2017-06-07,9969.900391
2017-06-08,9960.299805
2017-06-09,9984.450195
2017-06-12,9936.400391
2017-06-13,9929.700195
2017-06-14,9934.950195
2017-06-15,9898.150391
2017-06-16,9911.200195
2017-06-19,9977.549805
2017-06-20,9976.099609
2017-06-21,9958.950195
2017-06-22,9944.700195
2017-06-23,9876.900391
2017-06-27,9810.400391
2017-06-28,9797.049805
2017-06-29,9809.049805
2017-06-30,9835.400391
2017-07-03,9936.900391
2017-07-04,9933.099609
2017-07-05,9966.450195
2017-07-06,10005.25
2017-07-07,9997.75
2017-07-10,10103.34961
2017-07-11,10106
2017-07-12,10146.59961
2017-07-13,10225.90039
2017-07-14,10221.7002
2017-07-17,10249.7998
2017-07-18,10162.15039
2017-07-19,10246.7002
2017-07-20,10217.40039
2017-07-21,10258.09961
2017-07-24,10304.4502
2017-07-25,10307.2998
2017-07-26,10357.65039
2017-07-27,10348.7002
2017-07-28,10353.7002
2017-07-31,10417.7998
2017-08-01,10447.65039
2017-08-02,10410.2998
2017-08-03,10354.4502
2017-08-04,10419.84961
2017-08-07,10434.15039
2017-08-08,10344.7002
2017-08-09,10254.5498
2017-08-10,10133.84961
2017-08-11,10037.15039
2017-08-14,10144.2002
2017-08-16,10249.9502
2017-08-17,10255
2017-08-18,10193.2002
2017-08-21,10095.15039
2017-08-22,10096.5498
2017-08-23,10193.7998
2017-08-24,10211.59961
2017-08-28,10275.9502
2017-08-29,10156.5
2017-08-30,10258.0498
2017-08-31,10286.5498
2017-09-01,10352.40039
2017-09-04,10289.65039
2017-09-05,10333.0498
2017-09-06,10303.84961
2017-09-07,10327.84961
2017-09-08,10320.09961
2017-09-11,10394.7998
2017-09-12,10485.84961
2017-09-13,10468.09961
2017-09-14,10480.2002
2017-09-15,10475.0498
2017-09-18,10540.5
2017-09-19,10540.09961
2017-09-20,10529.84961
2017-09-21,10501.90039
2017-09-22,10320.9502
2017-09-25,10219.7002
2017-09-26,10222.5
2017-09-27,10074.0498
2017-09-28,10107.90039
2017-09-29,10143.90039
2017-10-03,10221.75
2017-10-04,10274.0498
2017-10-05,10255.5498
2017-10-06,10347.65039
2017-10-09,10357.9502
2017-10-10,10392
2017-10-11,10353.90039
2017-10-12,10469.2998
2017-10-13,10534.59961
2017-10-16,10595.15039
2017-10-17,10605.7998
2017-10-18,10582.34961
2017-10-19,10517.2998
2017-10-23,10557.9502
2017-10-24,10574.75
2017-10-25,10672
2017-10-26,10720.4502
2017-10-27,10714
2017-10-30,10767.84961
2017-10-31,10740.84961
2017-11-01,10847.90039
2017-11-02,10839.40039
2017-11-03,10866.4502
2017-11-06,10878.15039
2017-11-07,10762.40039
2017-11-08,10707.5498
2017-11-09,10723.65039
2017-11-10,10729.5498
2017-11-13,10632.65039
2017-11-14,10593.7998
2017-11-15,10514.90039
2017-11-16,10618.4502
2017-11-17,10701.2998
2017-11-20,10716.40039
2017-11-21,10744
2017-11-22,10755.40039
2017-11-23,10760.34961
2017-11-24,10803.15039
2017-11-27,10816.2002
2017-11-28,10792.59961
2017-11-29,10784.40039
2017-11-30,10650.75
2017-12-01,10542.0498
2017-12-04,10548.5498
2017-12-05,10541.2998
2017-12-06,10459.7002
2017-12-07,10594.59961
2017-12-08,10698.09961
2017-12-11,10752.59961
2017-12-12,10663.5498
2017-12-13,10605.65039
2017-12-14,10658.40039
2017-12-15,10743.65039
2017-12-18,10807.84961
2017-12-19,10897.5498
2017-12-20,10881.90039
2017-12-21,10886.34961
2017-12-22,10940.65039
2017-12-26,10982.0498
2017-12-27,10937.84961
2017-12-28,10927.0498
2017-12-29,10985.15039
2018-01-01,10897.75
2018-01-02,10899.2998
2018-01-03,10910.0498
2018-01-04,10982.15039
2018-01-05,11051.25
2018-01-08,11120.5498
2018-01-09,11125
2018-01-10,11117.4502
2018-01-11,11132.40039
2018-01-12,11159.09961
2018-01-15,11207.75
2018-01-16,11142.7998
2018-01-17,11232.75
2018-01-18,11234.5
2018-01-19,11315.75
2018-01-22,11391.2002
2018-01-23,11506.65039
2018-01-24,11497.4502
2018-01-25,11459.0498
2018-01-29,11505.4502
2018-01-30,11424.59961
2018-01-31,11393.5498
2018-02-01,11385.15039
2018-02-02,11111.2002
2018-02-05,11023.84961
2018-02-06,10851.65039
2018-02-07,10844.7002
2018-02-08,10958.9502
2018-02-09,10846.09961
2018-02-12,10945.15039
2018-02-14,10908.15039
2018-02-15,10932.0498
2018-02-16,10831.34961
2018-02-19,10748.34961
2018-02-20,10740
2018-02-21,10765.5
2018-02-22,10737.34961
2018-02-23,10857.84961
2018-02-26,10953.7998
2018-02-27,10922.75
2018-02-28,10861.40039
2018-03-01,10820
2018-03-05,10714.59961
2018-03-06,10603.09961
2018-03-07,10501.40039
2018-03-08,10578
2018-03-09,10564.5498
2018-03-12,10747.65039
2018-03-13,10772.0498
2018-03-14,10760
2018-03-15,10716.0498
2018-03-16,10556.2002
2018-03-19,10444.0498
2018-03-20,10478.15039
2018-03-21,10511.75
2018-03-22,10470.40039
2018-03-23,10357.59961
2018-03-26,10497.5498
2018-03-27,10556.59961
2018-03-28,10478.40039
2018-04-02,10596
2018-04-03,10643.90039
2018-04-04,10523.59961
2018-04-05,10726.25
2018-04-06,10750.34961
2018-04-09,10792.59961
2018-04-10,10810.4502
2018-04-11,10826.15039
2018-04-12,10860.34961
2018-04-13,10879.34961
2018-04-16,10928.9502
2018-04-17,10950.0498
2018-04-18,10928.4502
2018-04-19,10974.75
2018-04-20,10966.84961
2018-04-23,10993.2998
2018-04-24,11022.34961
2018-04-25,10980.5498
2018-04-26,11018.75
2018-04-27,11095
2018-04-30,11145.90039
2018-05-02,11105.90039
2018-05-03,11051.09961
2018-05-04,10986.5
2018-05-07,11085.0498
2018-05-08,11082.2002
2018-05-09,11095
2018-05-10,11052.5
2018-05-11,11131.9502
2018-05-14,11124.09961
2018-05-15,11113.7002
2018-05-16,11058.7002
2018-05-17,11006.90039
2018-05-18,10908.0498
2018-05-21,10814.59961
2018-05-22,10852.7998
2018-05-23,10750.5498
2018-05-24,10827.25
2018-05-25,10934
2018-05-28,11033.5498
2018-05-29,10983.2998
2018-05-30,10961.59961
2018-05-31,11064.15039
2018-06-01,11013.84961
2018-06-04,10940.0498
2018-06-05,10892.84961
2018-06-06,10997.2002
2018-06-07,11091.9502
2018-06-08,11098.25
2018-06-11,11116.2002
2018-06-12,11176.7002
2018-06-13,11185.90039
2018-06-14,11139.9502
2018-06-15,11136.2998
2018-06-18,11112.90039
2018-06-19,11021.9502
2018-06-20,11076.0498
2018-06-21,11039.9502
2018-06-22,11119.65039
2018-06-25,11045.4502
2018-06-26,11054.09961
2018-06-27,10946.7002
2018-06-28,10855
2018-06-29,10993.4502
2018-07-02,10929.84961
2018-07-03,10974.2002
2018-07-04,11033
2018-07-05,11008.59961
2018-07-06,11037.2002
2018-07-09,11119.5498
2018-07-10,11218.65039
2018-07-11,11206.84961
2018-07-12,11269.7002
2018-07-13,11258.7002
2018-07-16,11151.09961
2018-07-17,11230.7002
2018-07-18,11189.09961
2018-07-19,11160.5
2018-07-20,11215.7998
2018-07-23,11306.9502
2018-07-24,11389.2002
2018-07-25,11385.5
2018-07-26,11431.15039
2018-07-27,11542.34961
2018-07-30,11594.75
2018-07-31,11633.84961
2018-08-01,11629.65039
2018-08-02,11535.59961
2018-08-03,11648.84961
2018-08-06,11674.25
2018-08-07,11675.5
2018-08-08,11731.75
2018-08-09,11756.15039
2018-08-10,11707.34961
2018-08-13,11624.65039
2018-08-14,11703.40039
2018-08-16,11647.75
2018-08-17,11747.2002
2018-08-20,11838.15039
2018-08-21,11862.09961
2018-08-23,11881.40039
2018-08-24,11856.2002
2018-08-27,11989.34961
2018-08-28,12028.2998
2018-08-29,11998.59961
2018-08-30,11991.15039
2018-08-31,12003.09961
2018-09-03,11904.34961
2018-09-04,11798.9502
2018-09-05,11751.0498
2018-09-06,11815.40039
2018-09-07,11879.90039
2018-09-10,11717.9502
2018-09-11,11555.2002
2018-09-12,11635.2002
2018-09-14,11791.7002
2018-09-17,11656.5
2018-09-18,11546.15039
2018-09-19,11499.84961
2018-09-21,11387.5498
2018-09-24,11185.5498
2018-09-25,11287.59961
2018-09-26,11279.5
2018-09-27,11186.7002
2018-09-28,11126.40039
2018-10-01,11197.0498
2018-10-03,11045.7998
2018-10-04,10794.2998
2018-10-05,10510.0498
2018-10-08,10523.7998
2018-10-09,10473.5498
2018-10-10,10657.7998
2018-10-11,10432.0498
2018-10-12,10671.2998
2018-10-15,10712.59961
2018-10-16,10796.09961
2018-10-17,10648.7002
2018-10-19,10504.0498
2018-10-22,10445.84961
2018-10-23,10341.5498
2018-10-24,10415.40039
2018-10-25,10307.7002
2018-10-26,10225.2998
2018-10-29,10452.7998
2018-10-30,10413.59961
2018-10-31,10604.59961
2018-11-01,10607.59961
2018-11-02,10782.2998
2018-11-05,10761
2018-11-06,10758.4502
2018-11-07,10827.65039
2018-11-09,10823.2998
2018-11-12,10715.0498
2018-11-13,10807.2998
2018-11-14,10803.15039
2018-11-15,10844.59961
2018-11-16,10908.2002
2018-11-19,10988.15039
2018-11-20,10875
2018-11-21,10836.2998
2018-11-22,10761.40039
2018-11-26,10856.84961
2018-11-27,10905.84961
2018-11-28,10940.25
2018-11-29,11065.90039
2018-11-30,11092.25
2018-12-03,11103.2002
2018-12-04,11086.40039
2018-12-05,10989.15039
2018-12-06,10805.84961
2018-12-07,10894.09961
2018-12-10,10686.25
2018-12-11,10761.75
2018-12-12,10960.4502
2018-12-13,11023.0498
2018-12-14,11040.2998
2018-12-17,11125.75
2018-12-18,11150.90039
2018-12-19,11223.40039
2018-12-20,11201.34961
2018-12-21,11005.84961
2018-12-24,10904.7002
2018-12-26,10968.84961
2018-12-27,11015.7998
2018-12-28,11101.65039
2018-12-31,11110.15039
2019-01-01,11148.7998
2019-01-02,11032
2019-01-03,10914.7998
2019-01-04,10966.15039
2019-01-07,11005.09961
2019-01-08,11031.2998
2019-01-09,11078
2019-01-10,11054.4502
2019-01-11,11025.84961
2019-01-14,10965.0498
2019-01-15,11107.75
2019-01-16,11111.65039
2019-01-17,11123.90039
2019-01-18,11109.5
2019-01-21,11153.34961
2019-01-22,11124.34961
2019-01-23,11034.7998
2019-01-24,11049.0498
2019-01-25,10968.2998
2019-01-28,10836.65039
2019-01-29,10829.9502
2019-01-30,10829.5
2019-01-31,10996.7998
2019-02-01,11066.7002
2019-02-04,11070.4502
2019-02-05,11079.65039
2019-02-06,11206
2019-02-07,11229.0498
2019-02-08,11094.09961
2019-02-11,11030
2019-02-12,10971.40039
2019-02-14,10888.40039
2019-02-15,10845.84961
2019-02-18,10761.2002
2019-02-19,10731.09961
2019-02-20,10865.09961
2019-02-21,10925.0498
2019-02-22,10937.34961
2019-02-25,11021.75
2019-02-26,10981.5498
2019-02-27,10961.7998
2019-02-28,10959.90039
2019-03-01,11040.5498
2019-03-05,11177.2002
2019-03-06,11246.2002
2019-03-07,11244.0498
2019-03-08,11225
2019-03-11,11375.7002
2019-03-12,11499.9502
2019-03-13,11527.2002
2019-03-14,11522.90039
2019-03-15,11595.0498
2019-03-18,11629.75
2019-03-19,11696.5
2019-03-20,11681.2998
2019-03-22,11613.5498
2019-03-25,11504.75
2019-03-26,11632.65039
2019-03-27,11595.65039
2019-03-28,11719.34961
2019-04-01,11832.65039
2019-04-02,11861.40039
2019-04-03,11794.59961
2019-04-04,11753.5
2019-04-05,11820.09961
2019-04-08,11760.09961
2019-04-09,11825.65039
2019-04-10,11743.90039
2019-04-11,11760
2019-04-12,11807.84961
2019-04-15,11856.4502
2019-04-16,11950.0498
2019-04-18,11913.34961
2019-04-22,11745.90039
2019-04-23,11727.65039
2019-04-24,11869.5498
2019-04-25,11787.40039
2019-04-26,11886.7002
2019-04-30,11874.25
2019-05-02,11845.59961
2019-05-03,11828.0498
2019-05-06,11708.84961
2019-05-07,11610.09961
2019-05-08,11470.7998
2019-05-09,11415.90039
2019-05-10,11391.84961
2019-05-13,11249.84961
2019-05-14,11318
2019-05-15,11253.84961
2019-05-16,11341.59961
2019-05-17,11485.84961
2019-05-20,11903.9502
2019-05-21,11786.2998
2019-05-22,11811.2998
2019-05-23,11745.5
2019-05-24,11944.65039
2019-05-27,12023.75
2019-05-28,12033.09961
2019-05-29,11962.34961
2019-05-30,12038.2002
2019-05-31,12028.25
2019-06-03,12190.84961
2019-06-04,12122.59961
2019-06-06,11932.9502
2019-06-07,11957.0498
2019-06-10,12006.84961
2019-06-11,12053.59961
2019-06-12,11989.2002
2019-06-13,11995.2002
2019-06-14,11899.34961
2019-06-17,11743
2019-06-18,11761.65039
2019-06-19,11753.0498
2019-06-20,11901.15039
2019-06-21,11802.4502
2019-06-24,11782.9502
2019-06-25,11871.90039
2019-06-26,11928.84961
2019-06-27,11931.34961
2019-06-28,11882.09961
2019-07-01,11957.5
2019-07-02,12001.59961
2019-07-03,12015.2002
2019-07-04,12044.7998
2019-07-05,11904.0498
2019-07-08,11650.34961
2019-07-09,11655.84961
2019-07-10,11593.7998
2019-07-11,11678.59961
2019-07-12,11654.84961
2019-07-15,11692.65039
2019-07-16,11773.15039
2019-07-17,11798.4502
2019-07-18,11701.40039
2019-07-19,11519.25
2019-07-22,11456.25
2019-07-23,11436.5498
2019-07-24,11360.15039
2019-07-25,11352.34961
2019-07-26,11394.7002
2019-07-29,11290.90039
2019-07-30,11179.5498
2019-07-31,11221.2002
2019-08-01,11080.90039
2019-08-02,11100.4502
2019-08-05,10970.0498
2019-08-06,11058.90039
2019-08-07,10970.5498
2019-08-08,11144.15039
2019-08-09,11222.2002
2019-08-13,11027.40039
2019-08-14,11133.75
2019-08-16,11154.5498
2019-08-19,11158.9502
2019-08-20,11115.59961
2019-08-21,11012
2019-08-22,10836.84961
2019-08-23,10925.90039
2019-08-26,11152.65039
2019-08-27,11213.7002
2019-08-28,11154.5498
2019-08-29,11069.2998
2019-08-30,11155.09961
2019-09-03,10925.2002
2019-09-04,10964.2998
2019-09-05,10975
2019-09-06,11068.15039
2019-09-09,11122.9502
2019-09-11,11161.65039
2019-09-12,11113.5
2019-09-13,11205.09961
2019-09-16,11139.84961
2019-09-17,10951.5498
2019-09-18,10980.7998
2019-09-19,10848.84961
2019-09-20,11432
2019-09-23,11746.25
2019-09-24,11737.4502
2019-09-25,11581.59961
2019-09-26,11714.84961
2019-09-27,11663.5
2019-09-30,11613.2998
2019-10-01,11497.5
2019-10-03,11444.7998
2019-10-04,11303.40039
2019-10-07,11239.0498
2019-10-09,11423.65039
2019-10-10,11345
2019-10-11,11412.9502
2019-10-14,11455.7002
2019-10-15,11544.4502
2019-10-16,11588.65039
2019-10-17,11718.34961
2019-10-18,11806.2002
2019-10-22,11749.90039
2019-10-23,11762.4502
2019-10-24,11738.25
2019-10-25,11734.34961
2019-10-29,11942.0498
2019-10-30,12002.9502
2019-10-31,12037.25
2019-11-01,12047.7998
2019-11-04,12089.15039
2019-11-05,12056.15039
2019-11-06,12104.2002
2019-11-07,12152.9502
2019-11-08,12044.84961
2019-11-11,12053.2998
2019-11-13,11980.65039
2019-11-14,12001.09961
2019-11-15,12022.7998
2019-11-18,12010.90039
2019-11-19,12054.7002
2019-11-20,12116.2002
2019-11-21,12082.7002
2019-11-22,12031.2002
2019-11-25,12192.65039
2019-11-26,12150.7002
2019-11-27,12217.5
2019-11-28,12278.4502
2019-11-29,12182.59961
2019-12-02,12175.15039
2019-12-03,12115.7998
2019-12-04,12160.84961
2019-12-05,12126.5
2019-12-06,12024.9502
2019-12-09,12033.2998
2019-12-10,11945.7998
2019-12-11,11999.9502
2019-12-12,12065.84961
2019-12-13,12182.7002
2019-12-16,12144.84961
2019-12-17,12248.9502
2019-12-18,12304.25
2019-12-19,12343.84961
2019-12-20,12363.40039
2019-12-23,12354.9502
2019-12-24,12312.09961
2019-12-26,12229.15039
2019-12-27,12344.59961
2019-12-30,12354.25
2019-12-31,12267.75
2020-01-01,12279.0498
2020-01-02,12380.5
2020-01-03,12328.59961
2020-01-06,12090.59961
2020-01-07,12154.9502
2020-01-08,12131.4502
2020-01-09,12319.7002
2020-01-10,12359.7002
2020-01-13,12436.4502
2020-01-14,12468.5498
2020-01-15,12458.84961
2020-01-16,12470.59961
2020-01-17,12471.15039
2020-01-20,12343.2002
2020-01-21,12287.25
2020-01-22,12230.84961
2020-01-23,12312.90039
2020-01-24,12386.9502
2020-01-27,12262.65039
2020-01-28,12203.2002
2020-01-29,12276.9502
2020-01-30,12165.40039
2020-01-31,12086.90039
2020-02-03,11820.2998
2020-02-04,12091
2020-02-05,12212
2020-02-06,12273.7002
2020-02-07,12249.25
2020-02-10,12185.34961
2020-02-11,12246.2002
2020-02-12,12327.7002
2020-02-13,12301.75
2020-02-14,12230.4502
2020-02-17,12152
2020-02-18,12098.90039
2020-02-19,12248.2002
2020-02-20,12211.2998
2020-02-24,11957
2020-02-25,11917.2998
2020-02-26,11790.09961
2020-02-27,11746.84961
2020-02-28,11316.2998
2020-03-02,11251.5498
2020-03-03,11430.84961
2020-03-04,11372.84961
2020-03-05,11397.90039
2020-03-06,11119.65039
2020-03-09,10583.0498
2020-03-11,10578
2020-03-12,9693.950195
2020-03-13,10050.25
2020-03-16,9316.950195
2020-03-17,9105.400391
2020-03-18,8607.950195
2020-03-19,8388.700195
2020-03-20,8852.049805
2020-03-23,7719.100098
2020-03-24,7897.399902
2020-03-25,8388.200195
2020-03-26,8732.099609
2020-03-27,8747.049805
2020-03-30,8405.299805
2020-03-31,8731.150391
2020-04-01,8404.150391
2020-04-03,8240.200195
2020-04-07,8934.599609
2020-04-08,8921.299805
2020-04-09,9282.849609
2020-04-13,9177.700195
2020-04-15,9128.25
2020-04-16,9197.099609
2020-04-17,9453.5
2020-04-20,9442.599609
2020-04-21,9175.650391
2020-04-22,9372.299805
2020-04-23,9486.700195
2020-04-24,9323.700195
2020-04-27,9462.150391
2020-04-28,9545.049805
2020-04-29,9710.700195
2020-04-30,10006.90039
2020-05-04,9454.049805
2020-05-05,9358.900391
2020-05-06,9428.549805
2020-05-07,9351.450195
2020-05-08,9408.650391
2020-05-11,9411.700195
2020-05-12,9372.25
2020-05-13,9552.650391
2020-05-14,9333.099609
2020-05-15,9320.599609
2020-05-18,9004.400391
2020-05-19,9060.150391
2020-05-20,9249.150391
2020-05-21,9299.799805
2020-05-22,9226.799805
2020-05-26,9219.599609
2020-05-27,9471.599609
2020-05-28,9648.200195
2020-05-29,9759.450195
2020-06-01,9996.400391
2020-06-02,10139.75
2020-06-03,10220.25
2020-06-04,10198
2020-06-05,10324.15039
2020-06-08,10346.7002
2020-06-09,10231.25
2020-06-10,10291.7002
2020-06-11,10082.09961
2020-06-12,10158.2998
2020-06-15,10005.7998
2020-06-16,10097.34961
2020-06-17,10069.75
2020-06-18,10258.15039
2020-06-19,10407.75
2020-06-22,10494.34961
2020-06-23,10660.7998
2020-06-24,10499.90039
2020-06-25,10486.5498
2020-06-26,10570.9502
2020-06-29,10496.84961
2020-06-30,10486.90039
2020-07-01,10598.90039
2020-07-02,10716.09961
2020-07-03,10776.2998
2020-07-06,10919.25
2020-07-07,10958
2020-07-08,10870.9502
2020-07-09,10962.7002
2020-07-10,10919.7002
2020-07-13,10953.75
2020-07-14,10768.59961
2020-07-15,10769.59961
2020-07-16,10879.90039
2020-07-17,11045.84961
2020-07-20,11159.4502
2020-07-21,11283.90039
2020-07-22,11249.4502
2020-07-23,11334.2998
2020-07-24,11297.75
2020-07-27,11231.2998
2020-07-28,11388.40039
2020-07-29,11310.84961
2020-07-30,11231.2998
2020-07-31,11222.9502
2020-08-03,11056
2020-08-04,11244.09961
2020-08-05,11248.40039
2020-08-06,11345.4502
2020-08-07,11361.40039
2020-08-10,11433
2020-08-11,11471.25
2020-08-12,11458.25
2020-08-13,11458.90039
2020-08-14,11337.5498
2020-08-17,11402.84961
2020-08-18,11541.9502
2020-08-19,11564.5
2020-08-20,11479
2020-08-21,11535.7998
2020-08-24,11619.15039
2020-08-25,11625.59961
2020-08-26,11694.34961
2020-08-27,11709.4502
2020-08-28,11791.5
2020-08-31,11496.0498
2020-09-01,11586.59961
2020-09-02,11660.59961
2020-09-03,11663.34961
2020-09-04,11464.9502
2020-09-07,11478.40039
2020-09-08,11434.90039
2020-09-09,11397.9502
2020-09-10,11562.65039
2020-09-11,11589.65039
2020-09-14,11566.4502
2020-09-15,11652.84961
2020-09-16,11732.7002
2020-09-17,11646.15039
2020-09-18,11640.2002
2020-09-21,11367.25
2020-09-22,11264.5498
2020-09-23,11241.59961
2020-09-24,10922.25
2020-09-25,11176.2998
2020-09-28,11365.25
2020-09-29,11353.65039
2020-09-30,11385.2002
2020-10-01,11545.90039
2020-10-05,11625.59961
2020-10-06,11770.75
2020-10-07,11833.90039
2020-10-08,11925.40039
2020-10-09,11990.7002
2020-10-12,11999.0498
2020-10-13,11995.7002
2020-10-14,12039.0498
2020-10-15,11758.2002
2020-10-16,11843.34961
2020-10-19,11952.90039
2020-10-20,11976.84961
2020-10-21,12009
2020-10-22,11971.7998
2020-10-23,12006.09961
2020-10-26,11842.7002
2020-10-27,11971.90039
2020-10-28,11819.0498
2020-10-29,11774.40039
2020-10-30,11748.9502
2020-11-02,11777.84961
2020-11-03,11913.34961
2020-11-04,12007.09961
2020-11-05,12217.90039
2020-11-06,12349.15039
2020-11-09,12545.4502
2020-11-10,12683.34961
2020-11-11,12805.59961
2020-11-12,12764.0498
2020-11-13,12804.25
2020-11-17,12960.90039
2020-11-18,13022.75
2020-11-19,12864.84961
2020-11-20,12962.4502
2020-11-23,13036.65039
2020-11-24,13158.2998
2020-11-25,12959.7998
2020-11-26,13087.75
2020-11-27,13080.2998
2020-12-01,13225.7002
2020-12-02,13244.34961
2020-12-03,13280.5
2020-12-04,13396.5
2020-12-07,13497.84961
2020-12-08,13529.84961
2020-12-09,13649.59961
2020-12-10,13612.34961
2020-12-11,13647.90039
2020-12-14,13693.2002
2020-12-15,13697.7002
2020-12-16,13808.0498
2020-12-17,13852.5498
2020-12-18,13872.7998
2020-12-21,13431.2998
2020-12-22,13577.34961
2020-12-23,13725.5498
2020-12-24,13862.09961
2020-12-28,13986.7002
2020-12-29,14037.65039
2020-12-30,14088.4502
2020-12-31,14090.75
2021-01-04,14267.0498
2021-01-05,14355.90039
2021-01-06,14305.65039
2021-01-07,14305.5
2021-01-08,14514.34961
2021-01-11,14642.0498
2021-01-12,14705.5
2021-01-13,14694.9502
2021-01-14,14731.15039
2021-01-15,14558.7998
2021-01-18,14390.0498
2021-01-19,14632.2002
2021-01-20,14751.2998
2021-01-21,14686.5498
2021-01-22,14479.59961
2021-01-25,14348.4502
2021-01-27,14085.84961
2021-01-28,13947.25
2021-01-29,13743.2998
2021-02-01,14361.65039
2021-02-02,14720.5498
2021-02-03,14854
2021-02-04,14977.15039
2021-02-05,14988.9502
2021-02-08,15177.9502
2021-02-09,15171.25
2021-02-10,15176.40039
2021-02-11,15249.65039
2021-02-12,15245.75
2021-02-15,15399.2002
2021-02-16,15406
2021-02-17,15318.5
2021-02-18,15249.5
2021-02-19,15102.65039
2021-02-22,14802.4502
2021-02-23,14844.25
2021-02-24,15094.84961
2021-02-25,15209
2021-02-26,14667.59961
2021-03-01,14889.65039
2021-03-02,15061.59961
2021-03-03,15379.5
2021-03-04,15238.75
2021-03-05,15084.34961
2021-03-08,15096.84961
2021-03-09,15206
2021-03-10,15284.84961
2021-03-12,15140.15039
2021-03-15,15040.84961
2021-03-16,15033.2998
2021-03-17,14828.84961
2021-03-18,14662.5
2021-03-19,14847.25
2021-03-22,14859.7002
2021-03-23,14952.09961
2021-03-24,14690.0498
2021-03-25,14450.5498
2021-03-26,14633.5
2021-03-30,14936.0498
2021-03-31,14807.4502
2021-04-01,14993.0498
2021-04-05,14775.7002
2021-04-06,14836.25
2021-04-07,14973.9502
2021-04-08,15036.15039
2021-04-09,15004.15039
2021-04-12,14450.0498
2021-04-13,14639.40039
2021-04-15,14719.25
2021-04-16,14773.2002
2021-04-19,14512.84961
2021-04-20,14466.7998
2021-04-22,14564.25
2021-04-23,14510.9502
2021-04-26,14645.90039
2021-04-27,14807.75
2021-04-28,15004.65039
2021-04-29,15029.9502
2021-04-30,14790.59961
2021-05-03,14811.2002
2021-05-04,14683.7002
2021-05-05,14823.2002
2021-05-06,14928.59961
2021-05-07,15021.65039
2021-05-10,15146.65039
2021-05-11,15071.40039
2021-05-12,14940
2021-05-14,14893.2002
2021-05-17,15134.15039
2021-05-18,15325
2021-05-19,15272.5498
2021-05-20,15164.4502
2021-05-21,15408.5498
2021-05-24,15445.2002
2021-05-25,15445.59961
2021-05-26,15522.34961
2021-05-27,15564.34961
2021-05-28,15650.34961
2021-05-31,15798.7002
2021-06-01,15789.40039
2021-06-02,15832.2002
2021-06-03,15952.65039
2021-06-04,15945.84961
2021-06-07,16018.59961
2021-06-08,16017.2002
2021-06-09,15904.75
2021-06-10,16021.5
2021-06-11,16079.59961
2021-06-14,16079.7002
2021-06-15,16136.65039
2021-06-16,16025.5498
2021-06-17,15936.2002
2021-06-18,15915.5498
2021-06-21,15991.25
2021-06-22,16026.9502
2021-06-23,15933.15039
2021-06-24,16011.5498
2021-06-25,16087.2002
2021-06-28,16055.2002
2021-06-29,15992.09961
2021-06-30,15959.40039
2021-07-01,15928.09961
2021-07-02,15957.09961
2021-07-05,16066.90039
2021-07-06,16054.90039
2021-07-07,16117.40039
2021-07-08,15981.9502
2021-07-09,15952.40039
2021-07-12,15955.9502
2021-07-13,16055.59961
2021-07-14,16091.5
2021-07-15,16160.2002
2021-07-16,16172.0498
2021-07-19,16006.90039
2021-07-20,15886.25
2021-07-22,16094.25
2021-07-23,16119.09961
2021-07-26,16094.2002
2021-07-27,16011.0498
2021-07-28,15983.90039
2021-07-29,16045.2002
2021-07-30,16040.15039
2021-08-02,16166.9502
2021-08-03,16399.94922
2021-08-04,16494.55078
2021-08-05,16520.5
2021-08-06,16476.55078
2021-08-09,16483.44922
2021-08-10,16493.84961
2021-08-11,16490.15039
2021-08-12,16569.30078
2021-08-13,16716.15039
2021-08-16,16748
2021-08-17,16805.15039
2021-08-18,16778.80078
2021-08-20,16642.15039
2021-08-23,16673.34961
2021-08-24,16808
2021-08-25,16830.09961
2021-08-26,16841.59961
2021-08-27,16930.84961
2021-08-30,17164.19922
2021-08-31,17373.09961
2021-09-01,17343.30078
2021-09-02,17504.59961
2021-09-03,17597.44922
2021-09-06,17641
2021-09-07,17618.69922
2021-09-08,17626.19922
2021-09-09,17652.90039
2021-09-13,17648.59961
2021-09-14,17678.44922
2021-09-15,17809.5
2021-09-16,17925.05078
2021-09-17,17864.55078
2021-09-20,17654.09961
2021-09-21,17817.94922
2021-09-22,17817.69922
2021-09-23,18085.80078
2021-09-24,18090.19922
2021-09-27,18085.55078
2021-09-28,17973.15039
2021-09-29,17926.05078
2021-09-30,17845.09961
2021-10-01,17778.55078
2021-10-04,17956.75
2021-10-05,18082.80078
2021-10-06,17905.84961
2021-10-07,18058
2021-10-08,18141.69922
2021-10-11,18198.90039
2021-10-12,18258.84961
2021-10-13,18433.19922
2021-10-14,18610.34961
2021-10-18,18734.90039
2021-10-19,18646.15039
2021-10-20,18467.75
2021-10-21,18374.09961
2021-10-22,18285.15039
2021-10-25,18272.40039
2021-10-26,18425.15039
2021-10-27,18390.05078
2021-10-28,18028.09961
2021-10-29,17880.80078
2021-11-01,18134.59961
2021-11-02,18101
2021-11-03,18066.94922
2021-11-04,18156.15039
2021-11-08,18320.65039
2021-11-09,18309.05078
2021-11-10,18291.75
2021-11-11,18156.80078
2021-11-12,18389.5
2021-11-15,18401.65039
2021-11-16,18301.44922
2021-11-17,18211.34961
2021-11-18,18059.5
2021-11-22,17708.55078
2021-11-23,17823.5
2021-11-24,17733
2021-11-25,17861.65039
2021-11-26,17340.5
2021-11-29,17339.15039
2021-11-30,17270.25
2021-12-01,17444.44922
2021-12-02,17675
2021-12-03,17493.69922
2021-12-06,17197.5
2021-12-07,17464.94922
2021-12-08,17751.90039
2021-12-09,17797.80078
2021-12-10,17802.59961
2021-12-13,17664.84961
2021-12-14,17637.69922
2021-12-15,17526.34961
2021-12-16,17539.30078
2021-12-17,17249
2021-12-20,16856.19922
2021-12-21,17037.75
2021-12-22,17232.80078
2021-12-23,17360.65039
2021-12-24,17273.65039
2021-12-27,17351.80078
2021-12-28,17501.75
2021-12-29,17478.80078
2021-12-30,17449.30078
2021-12-31,17618.80078
2022-01-03,17874
2022-01-04,18030.94922
2022-01-05,18147.5
2022-01-06,17985.59961
2022-01-07,18053.94922
2022-01-10,18229.09961
2022-01-11,18275.15039
2022-01-12,18430.25
2022-01-13,18482.44922
2022-01-14,18485.69922
2022-01-17,18543.19922
2022-01-18,18331.69922
2022-01-19,18179.69922
2022-01-20,18021.09961
2022-01-21,17856.15039
2022-01-24,17353.44922
2022-01-25,17489.15039
2022-01-27,17302.34961
2022-01-28,17314.69922
2022-01-31,17547.40039
2022-02-01,17796.25
2022-02-02,17998.75
2022-02-03,17794.69922
2022-02-04,17755.30078
2022-02-07,17477.65039
2022-02-08,17509.80078
2022-02-09,17707.84961
2022-02-10,17842.90039
2022-02-11,17606.59961
2022-02-14,17060.69922
2022-02-15,17560.55078
2022-02-16,17530.65039
2022-02-17,17524.44922
2022-02-18,17472.90039
2022-02-21,17379.09961
2022-02-22,17276.5
2022-02-23,17273.44922
2022-02-24,16428.05078
2022-02-25,16872.34961
2022-02-28,17016.55078
2022-03-02,16855.69922
2022-03-03,16761.59961
2022-03-04,16482.84961
2022-03-07,16086.9502
2022-03-08,16251.65039
2022-03-09,16571.55078
2022-03-10,16835.5
2022-03-11,16877.69922
2022-03-14,17076.59961
2022-03-15,16873.44922
2022-03-16,17198
2022-03-17,17505.40039
2022-03-21,17323.65039
2022-03-22,17499.19922
2022-03-23,17446.05078
2022-03-24,17429.94922
2022-03-25,17370.5
2022-03-28,17422.15039
2022-03-29,17523.59961
2022-03-30,17684.30078
2022-03-31,17660.34961
2022-04-01,17879.5
2022-04-04,18256.09961
2022-04-05,18195.09961
2022-04-06,18075.09961
2022-04-07,17920.80078
2022-04-08,18089.30078
2022-04-11,18032.40039
2022-04-12,17877.55078
2022-04-13,17835.19922
2022-04-18,17565.94922
2022-04-19,17330.40039
2022-04-20,17496.65039
2022-04-21,17750.19922
2022-04-22,17541.09961
2022-04-25,17300.34961
2022-04-26,17577.80078
2022-04-27,17398.55078
2022-04-28,17615.40039
2022-04-29,17457.19922
2022-05-02,17419.44922
2022-05-04,17004.05078
2022-05-05,17016.59961
2022-05-06,16729.55078
2022-05-09,16581.80078
2022-05-10,16466.25
2022-05-11,16399.69922
2022-05-12,16023.90039
2022-05-13,15986.5
2022-05-16,16079
2022-05-17,16498.5
2022-05-18,16485.80078
2022-05-19,16047.34961
2022-05-20,16476.69922
2022-05-23,16409.75
2022-05-24,16312.2998
2022-05-25,16187.15039
2022-05-26,16341.90039
2022-05-27,16516.80078
2022-05-30,16838.15039
2022-05-31,16767.5
2022-06-01,16688.94922
2022-06-02,16794.75
2022-06-03,16721.5
2022-06-06,16701.19922
2022-06-07,16550.69922
2022-06-08,16492.19922
2022-06-09,16616.40039
2022-06-10,16353.5
2022-06-13,15936.0498
2022-06-14,15905.59961
2022-06-15,15874.90039
2022-06-16,15543.34961
2022-06-17,15445.7998
2022-06-20,15481.9502
2022-06-21,15793.15039
2022-06-22,15555.2998
2022-06-23,15704.7998
2022-06-24,15858.2998
2022-06-27,15990.2998
2022-06-28,16008.84961
2022-06-29,15952.75
2022-06-30,15929.40039
2022-07-01,15925.9502
2022-07-04,16018.15039
2022-07-05,16001.59961
2022-07-06,16196.25
2022-07-07,16339.09961
2022-07-08,16424
2022-07-11,16465.09961
2022-07-12,16323.5
2022-07-13,16237.25
2022-07-14,16213.0498
2022-07-15,16317.2002
2022-07-18,16548.15039
2022-07-19,16614.05078
2022-07-20,16773.69922
2022-07-21,16881.69922
2022-07-22,16970.69922
2022-07-25,16892.09961
2022-07-26,16733.30078
2022-07-27,16889.55078
2022-07-28,17169.69922
2022-07-29,17400.75
2022-08-01,17598.80078
2022-08-02,17618.25
2022-08-03,17646
2022-08-04,17652.94922
2022-08-05,17655.5
2022-08-08,17784.80078
2022-08-10,17784.90039
2022-08-11,17913.94922
2022-08-12,17956.80078
2022-08-16,18107.25
2022-08-17,18235.55078
2022-08-18,18264.40039
2022-08-19,18071.09961
2022-08-22,17792.44922
2022-08-23,17878.40039
2022-08-24,17917.30078
2022-08-25,17847.65039
2022-08-26,17893.80078
2022-08-29,17666.44922
2022-08-30,18112.40039
2022-09-01,17924.30078
2022-09-02,17916
2022-09-05,18021.65039
2022-09-06,18031.30078
2022-09-07,18008.09961
2022-09-08,18168.84961
2022-09-09,18198.09961
2022-09-12,18319.80078
2022-09-13,18453.69922
2022-09-14,18405.59961
2022-09-15,18316.90039
2022-09-16,17938.09961
2022-09-19,18025.25
2022-09-20,18222.09961
2022-09-21,18091.90039
2022-09-22,18030.40039
2022-09-23,17718.44922
2022-09-26,17374.80078
2022-09-27,17366.40039
2022-09-28,17219.55078
2022-09-29,17167.75
2022-09-30,17438.59961
2022-10-03,17190.90039
2022-10-04,17589.30078
2022-10-06,17662.80078
2022-10-07,17641.44922
2022-10-10,17553.15039
2022-10-11,17285.84961
2022-10-12,17423.40039
2022-10-13,17302.15039
2022-10-14,17432.55078
2022-10-17,17560.5
2022-10-18,17741.19922
2022-10-19,17756.25
2022-10-20,17829.44922
2022-10-21,17808.80078
2022-10-24,17951.30078
2022-10-25,17887.40039
2022-10-27,17989
2022-10-28,18017.19922
2022-10-31,18243.40039
2022-11-01,18383.19922
2022-11-02,18322.40039
2022-11-03,18297.40039
2022-11-04,18361.44922
2022-11-07,18450.15039
2022-11-09,18406.25
2022-11-10,18267.09961
2022-11-11,18573.34961
2022-11-14,18568.40039
2022-11-15,18635.40039
2022-11-16,18615.5
2022-11-17,18532.44922
2022-11-18,18483.19922
2022-11-21,18334.65039
2022-11-22,18407.5
2022-11-23,18433.80078
2022-11-24,18627.25
2022-11-25,18652.05078
2022-11-28,18696.75
2022-11-29,18758.34961
2022-11-30,18919.55078
2022-12-01,18973.05078
2022-12-02,18870.25
2022-12-05,18867.65039
2022-12-06,18821.55078
2022-12-07,18754
2022-12-08,18802
2022-12-09,18687.65039
2022-12-12,18690.80078
2022-12-13,18781.65039
2022-12-14,18837.25
2022-12-15,18604.44922
2022-12-16,18446.30078
2022-12-19,18604.5
2022-12-20,18570.40039
2022-12-21,18361.15039
2022-12-22,18277.84961
2022-12-23,17888.05078
2022-12-27,18263.55078
2022-12-28,18270.94922
2022-12-29,18343.59961
2022-12-30,18258.75
2023-01-02,18334.30078
2023-01-03,18376.5
2023-01-04,18173.44922
2023-01-05,18150
2023-01-06,18013.94922
2023-01-09,18248.55078
2023-01-10,18081
2023-01-11,18054.30078
2023-01-12,18028.30078
2023-01-13,18126.25
2023-01-16,18074.19922
2023-01-17,18216.40039
2023-01-18,18307.40039
2023-01-19,18244.75
2023-01-20,18169.44922
2023-01-23,18249.34961
2023-01-24,18245.34961
2023-01-25,17974.34961
2023-01-27,17594.5
2023-01-30,17571.84961
2023-01-31,17601
2023-02-01,17516.15039
2023-02-02,17490.30078
2023-02-03,17687.34961
2023-02-06,17611.44922
2023-02-07,17569.69922
2023-02-08,17719.84961
2023-02-09,17723.84961
2023-02-10,17685.44922
2023-02-13,17575.15039
2023-02-14,17702.34961
2023-02-15,17786.90039
2023-02-16,17814.90039
2023-02-17,17721.05078
2023-02-20,17626.90039
2023-02-21,17604.40039
2023-02-22,17335
2023-02-23,17286.30078
2023-02-24,17242.15039
2023-02-27,17156.15039
2023-02-28,17083.80078
2023-03-01,17238.44922
2023-03-02,17129.65039
2023-03-03,17385.94922
2023-03-06,17506.30078
2023-03-08,17552.94922
2023-03-09,17398.30078
2023-03-10,17244.30078
2023-03-13,16997.30078
2023-03-14,16887.05078
2023-03-15,16825.05078
2023-03-16,16852.25
2023-03-17,16964.80078
2023-03-20,16852.90039
2023-03-21,16970.5
2023-03-22,17026.19922
2023-03-23,16958.15039
2023-03-24,16831.80078
2023-03-27,16849.30078
2023-03-28,16795.34961
2023-03-29,16918.05078
2023-03-31,17186.15039
2023-04-03,17224.75
2023-04-05,17373.94922
2023-04-06,17414.65039
2023-04-10,17446.30078
2023-04-11,17540.80078
2023-04-12,17626.90039
2023-04-13,17635.15039
2023-04-17,17543.44922
2023-04-18,17510.84961
2023-04-19,17455.44922
2023-04-20,17459.84961
2023-04-21,17455.25
2023-04-24,17564.40039
2023-04-25,17600.05078
2023-04-26,17645.55078
2023-04-27,17739.94922
2023-04-28,17903.94922
2023-05-02,17989.30078
2023-05-03,17941.09961
2023-05-04,18099.75
2023-05-05,17939.25
2023-05-08,18118.5
2023-05-09,18114.05078
2023-05-10,18170.84961
2023-05-11,18174.25
2023-05-12,18181.94922
2023-05-15,18258.09961
2023-05-16,18162.25
2023-05-17,18056.69922
2023-05-18,17985.75
2023-05-19,18060.34961
2023-05-22,18180.90039
2023-05-23,18219.80078
2023-05-24,18170
2023-05-25,18213.59961
2023-05-26,18393.05078
2023-05-29,18490.25
2023-05-30,18516.94922
2023-05-31,18438.30078
2023-06-01,18405.69922
2023-06-02,18457
2023-06-05,18513.84961
2023-06-06,18527.84961
2023-06-07,18659.65039
2023-06-08,18562.94922
2023-06-09,18502.09961
2023-06-12,18545.80078
2023-06-13,18668
2023-06-14,18705.25
2023-06-15,18653.59961
2023-06-16,18798.55078
2023-06-19,18732.80078
2023-06-20,18794.59961
2023-06-21,18827.80078
2023-06-22,18722.69922
2023-06-23,18595.75
2023-06-26,18632.75
2023-06-27,18751.30078
2023-06-28,18901.19922
2023-06-30,19099.55078
2023-07-03,19223.84961
2023-07-04,19270.55078
2023-07-05,19297.94922
2023-07-06,19397.09961
2023-07-07,19233.59961
2023-07-10,19239.80078
2023-07-11,19333.59961
2023-07-12,19293.69922
2023-07-13,19304.84961
2023-07-14,19454
2023-07-17,19584.80078
2023-07-18,19605.84961
2023-07-19,19690.69922
2023-07-20,19811.90039
2023-07-21,19602.59961
2023-07-24,19540.44922
2023-07-25,19566.90039
2023-07-26,19662
2023-07-27,19566.69922
2023-07-28,19580.65039
2023-07-31,19679.34961
2023-08-01,19659.84961
2023-08-02,19447.09961
2023-08-03,19310.90039
2023-08-04,19448.75
2023-08-07,19521.84961
2023-08-08,19497.44922
2023-08-09,19554.75
2023-08-10,19463.09961
2023-08-11,19359
2023-08-14,19330.80078
2023-08-16,19358.05078
2023-08-17,19264.59961
2023-08-18,19209.34961
2023-08-21,19303.40039
2023-08-22,19325.44922
2023-08-23,19362.55078
2023-08-24,19323.34961
2023-08-25,19193.90039
2023-08-28,19243.65039
2023-08-29,19291.25
2023-08-30,19307.5
2023-08-31,19204.80078
2023-09-01,19382.94922
2023-09-04,19485.5
2023-09-05,19531.19922
2023-09-06,19578.25
2023-09-07,19690.5
2023-09-08,19789.30078
2023-09-11,19970.80078
2023-09-12,19905.19922
2023-09-13,19977.80078
2023-09-14,20024.80078
2023-09-15,20108.40039
2023-09-18,20056.15039
2023-09-20,19832.59961
2023-09-21,19674.80078
2023-09-22,19614.19922
2023-09-25,19606.84961
2023-09-26,19606.05078
2023-09-27,19654.94922
2023-09-28,19451.65039
2023-09-29,19577.05078
2023-10-03,19492.69922
2023-10-04,19376.25
2023-10-05,19476.05078
2023-10-06,19584.44922
2023-10-09,19428.90039
2023-10-10,19616.55078
2023-10-11,19736.80078
2023-10-12,19728.09961
2023-10-13,19691.69922
2023-10-16,19680.65039
2023-10-17,19758.90039
2023-10-18,19611.34961
2023-10-19,19562.30078
2023-10-20,19468.40039
2023-10-23,19189.09961
2023-10-25,19034.40039
2023-10-26,18780.59961
2023-10-27,18996.09961
2023-10-30,19080.84961
2023-10-31,19035.34961
2023-11-01,18942.30078
2023-11-02,19107.25
2023-11-03,19222.09961
2023-11-06,19399.09961
2023-11-07,19416.80078
2023-11-08,19470.09961
2023-11-09,19413.80078
2023-11-10,19444.80078
2023-11-13,19475.69922
2023-11-15,19698.40039
2023-11-16,19785.84961
2023-11-17,19773.44922
2023-11-20,19730.69922
2023-11-21,19806.40039
2023-11-22,19818.90039
2023-11-23,19819.40039
2023-11-24,19812.09961
2023-11-28,19938.40039
2023-11-29,20136.19922
2023-11-30,20201
2023-12-01,20339.44922
2023-12-04,20757.94922
2023-12-05,20949.25
2023-12-06,21074.15039
2023-12-07,21076.34961
2023-12-08,21107.19922
2023-12-11,21161.69922
2023-12-12,21058.25
2023-12-13,21099.59961
2023-12-14,21364.30078
2023-12-15,21595.5
2023-12-18,21585.25
2023-12-19,21622.94922
2023-12-20,21267.34961
2023-12-21,21402.15039
2023-12-22,21508.84961
2023-12-26,21617.05078
2023-12-27,21815.44922
2023-12-28,21931.75
2023-12-29,21918.80078
2024-01-02,21865.25
2024-01-03,21771.40039
2024-01-04,21934.40039
2024-01-05,21974.59961
2024-01-08,21770.75
2024-01-09,21815.15039
2024-01-10,21885.80078
2024-01-11,21942.15039
2024-01-12,22159.25
2024-01-15,22338.75
2024-01-16,22274.59961
2024-01-17,21839.94922
2024-01-18,21730.09961
2024-01-19,21916
2024-01-23,21506.80078
2024-01-24,21746
2024-01-25,21666.5
2024-01-29,22041.59961
2024-01-30,21846.19922
2024-01-31,22051.55078
2024-02-01,22039.59961
2024-02-02,22199
2024-02-05,22113.40039
2024-02-06,22299.30078
2024-02-07,22363.69922
2024-02-08,22202.75
2024-02-09,22247.55078
2024-02-12,22042.09961
2024-02-13,22181.59961
2024-02-14,22313.40039
2024-02-15,22405.55078
2024-02-16,22540.90039
2024-02-20,22685.65039
2024-02-21,22547.59961
2024-02-22,22725.40039
2024-02-23,22734.30078
2024-02-26,22667.75
2024-02-27,22722.30078
2024-02-28,22457.65039
2024-02-29,22526.30078
2024-03-01,22862.05078
2024-03-04,22944.80078
2024-03-05,22900.65039
2024-03-06,22988.34961
2024-03-07,23036.05078
2024-03-11,22895.44922
2024-03-12,22840.90039
2024-03-13,22399
2024-03-14,22623.69922
2024-03-15,22494.69922
2024-03-18,22541.15039
2024-03-19,22274.65039
2024-03-20,22307.75
2024-03-21,22538.90039
2024-03-22,22633.80078
2024-03-26,22601.34961
2024-03-27,22698.5
2024-03-28,22920.69922
2024-04-01,23107.15039
2024-04-02,23138.55078
2024-04-03,23136.59961
2024-04-04,23206
2024-04-05,23240.55078
2024-04-08,23380.30078
2024-04-09,23348.90039
2024-04-10,23474.69922
2024-04-12,23254.90039
2024-04-15,22967.09961
2024-04-16,22870.30078
2024-04-18,22740.19922
2024-04-19,22859.80078
2024-04-22,23078.90039
2024-04-23,23116
2024-04-24,23167.80078
2024-04-25,23329.80078
2024-04-26,23232.09961
2024-04-29,23443.80078
2024-04-30,23436.5
2024-05-02,23541.30078
2024-05-03,23382.75
2024-05-06,23297.75
2024-05-07,23103.75
2024-05-08,23166
2024-05-09,22790.19922
2024-05-10,22909.09961
2024-05-13,22956.34961
2024-05-14,23118.19922
2024-05-15,23133.84961
2024-05-16,23343.55078
2024-05-17,23444.30078
2024-05-21,23569.90039
2024-05-22,23633.90039
2024-05-23,23982.34961
2024-05-24,23980.09961
2024-05-27,23959.84961
2024-05-28,23873.90039
2024-05-29,23687.69922
2024-05-30,23466.30078
2024-05-31,23518.05078
2024-06-03,24344.19922
2024-06-04,22739.59961
2024-06-05,23550.75
2024-06-06,23806.94922
2024-06-07,24266.05078
2024-06-10,24271.15039
2024-06-11,24271.05078
2024-06-12,24348.80078
2024-06-13,24449.5
2024-06-14,24571.65039
2024-06-18,24683.55078
2024-06-19,24599.90039
2024-06-20,24649.84961
2024-06-21,24555.5
2024-06-24,24621.59961
2024-06-25,24757.80078
2024-06-26,24867.15039
2024-06-27,25026.55078
2024-06-28,25007.25
2024-07-01,25155.69922
2024-07-02,25120.09961
2024-07-03,25306.90039
2024-07-04,25342.55078
2024-07-05,25391.25
2024-07-08,25393.55078
2024-07-09,25515.09961
2024-07-10,25425.65039
2024-07-11,25433.75
2024-07-12,25577.30078
2024-07-15,25696.05078
2024-07-16,25679.09961
2024-07-18,25784.80078
2024-07-19,25450.84961
2024-07-22,25490.40039
2024-07-23,25419.59961
2024-07-24,25389
2024-07-25,25407.5
2024-07-26,25841.90039
2024-07-29,25901.94922
2024-07-30,25914.09961
2024-07-31,26025.59961
2024-08-01,26057.80078
2024-08-02,25771.90039
2024-08-05,25043.05078
2024-08-06,24940.75
2024-08-07,25349
2024-08-08,25161.25
2024-08-09,25425.40039
2024-08-12,25386.05078
2024-08-13,25155.15039
2024-08-14,25160.65039
2024-08-16,25578.5
2024-08-19,25638.19922
2024-08-20,25782.34961
2024-08-21,25853.19922
2024-08-22,25910.44922
2024-08-23,25905.94922
2024-08-26,26076.80078
2024-08-27,26083.15039
2024-08-28,26116.80078
2024-08-29,26188.90039
2024-08-30,26274.34961
2024-09-02,26335
2024-09-03,26341.69922
2024-09-04,26275.75
2024-09-05,26239.09961
2024-09-06,25928.55078
2024-09-09,26011.25
2024-09-10,26115.19922
2024-09-11,25987.80078
2024-09-12,26461.09961
2024-09-13,26419.90039
2024-09-16,26453.40039
2024-09-17,26471.30078
2024-09-18,26420.15039
2024-09-19,26425.25
2024-09-20,26821
2024-09-23,27024.09961
2024-09-24,27027.5
2024-09-25,27051.65039
2024-09-26,27256.25
2024-09-27,27253.84961
2024-09-30,26890.15039
2024-10-01,26885.25
2024-10-03,26305.25
2024-10-04,26056
2024-10-07,25749.65039
2024-10-08,26057.34961
2024-10-09,26076.59961
2024-10-10,26079.44922
2024-10-11,26054.09961
2024-10-14,26197.90039
2024-10-15,26149.09961
2024-10-16,26058.09961
2024-10-17,25765.34961
2024-10-18,25853.80078
2024-10-21,25739.5
2024-10-22,25348.05078
2024-10-23,25320.65039
2024-10-24,25275.5
2024-10-25,25022.19922
2024-10-28,25175.19922
2024-10-29,25321.30078
2024-10-30,25195.05078
2024-10-31,25059.5
2024-11-01,25184.59961
2024-11-04,24857.75
2024-11-05,25060.80078
2024-11-06,25403.15039
2024-11-07,25110.69922
2024-11-08,25002.94922
2024-11-11,25013.30078
2024-11-12,24715.55078
2024-11-13,24347
2024-11-14,24366.05078
2024-11-18,24301
2024-11-19,24374.69922
2024-11-21,24135.09961
2024-11-22,24655.34961
2024-11-25,24993.65039
2024-11-26,24983.09961
2024-11-27,25115.15039
2024-11-28,24836.25
2024-11-29,25053.94922
2024-12-02,25198.15039
2024-12-03,25393.25
2024-12-04,25428.40039
2024-12-05,25657.84961
2024-12-06,25663.90039
2024-12-09,25594.19922
2024-12-10,25600.19922
2024-12-11,25635.05078
2024-12-12,25546.40039
2024-12-13,25724.59961
2024-12-16,25652.84961
2024-12-17,25321.65039
2024-12-18,25137.59961
2024-12-19,24884.94922
2024-12-20,24448.84961
2024-12-23,24599.75
2024-12-24,24572.5
2024-12-26,24611.34961
2024-12-27,24632
2024-12-30,24500.75
2024-12-31,24495.55078
2025-01-02,25028.80078
2025-01-03,24879.84961
2025-01-06,24404.59961
2025-01-07,24478.09961
2025-01-08,24426
2025-01-09,24232.30078
2025-01-10,24064.75
2025-01-13,23586.80078
2025-01-14,23770.59961
2025-01-15,23839.25
2025-01-16,23984.55078
2025-01-17,23926
2025-01-20,24048.80078
2025-01-21,23664.75
2025-01-22,23738.40039
2025-01-23,23823.25
2025-01-24,23660.19922
2025-01-27,23319.94922
2025-01-28,23440.05078
2025-01-29,23696.25
2025-01-30,23772.5
2025-01-31,24053.44922
2025-02-03,23896.15039
2025-02-04,24279.65039
2025-02-05,24271.34961
2025-02-06,24161
2025-02-07,24125.5
2025-02-10,23897
2025-02-11,23530.80078
2025-02-12,23508.34961
2025-02-13,23504.84961
2025-02-14,23325.15039
2025-02-17,23343.15039
2025-02-18,23331.40039
2025-02-19,23368.55078
2025-02-20,23411.40039
2025-02-21,23274.05078
2025-02-24,23021.69922
2025-02-25,22987.15039
2025-02-27,22948.30078
2025-02-28,22479.44922
2025-03-03,22514.19922
2025-03-04,22504.90039
2025-03-05,22818.80078
2025-03-06,23038.80078
2025-03-07,23027.69922
2025-03-10,22890.75
2025-03-11,22942.69922
2025-03-12,22919.90039
2025-03-13,22837.84961
2025-03-17,22960.80078
2025-03-18,23340.40039
2025-03-19,23468.34961
2025-03-20,23730.69922
2025-03-21,23902.09961
2025-03-24,24214.19922
2025-03-25,24159.90039
2025-03-26,23990.40039
