date,usd_inr
2015-04-01,62.30599976
2015-04-02,62.16899872
2015-04-03,62.06000137
2015-04-08,62.30899811
2015-04-09,62.18199921
2015-04-10,62.31399918
2015-04-13,62.26900101
2015-04-14,62.39099884
2015-04-15,62.31399918
2015-04-16,62.38999939
2015-04-17,62.32600021
2015-04-20,62.54299927
2015-04-21,63.14500046
2015-04-22,62.87799835
2015-04-23,62.93500137
2015-04-24,63.28699875
2015-04-27,63.65499878
2015-04-28,63.13999939
2015-04-29,63.03300095
2015-04-30,63.44200134
2015-05-01,63.52299881
2015-05-05,63.5929985
2015-05-06,63.34400177
2015-05-07,63.65999985
2015-05-08,64.08200073
2015-05-11,63.70399857
2015-05-12,64.01999664
2015-05-13,64.21099854
2015-05-14,64.04399872
2015-05-15,63.40800095
2015-05-18,63.43299866
2015-05-19,63.72900009
2015-05-20,63.78499985
2015-05-21,63.625
2015-05-22,63.62599945
2015-05-25,63.48300171
2015-05-26,63.57099915
2015-05-27,63.97600174
2015-05-28,63.87400055
2015-05-29,63.82500076
2015-06-01,63.73600006
2015-06-02,63.61000061
2015-06-03,63.66199875
2015-06-04,64.05899811
2015-06-05,64.00099945
2015-06-08,63.76200104
2015-06-09,63.97600174
2015-06-10,64.03800201
2015-06-11,63.79899979
2015-06-12,63.99900055
2015-06-15,64.09200287
2015-06-16,64.05200195
2015-06-17,64.18199921
2015-06-18,64.00299835
2015-06-19,63.64500046
2015-06-22,63.49200058
2015-06-23,63.50699997
2015-06-24,63.59999847
2015-06-25,63.56200027
2015-06-26,63.51100159
2015-06-29,63.44400024
2015-06-30,63.72399902
2015-07-01,63.59000015
2015-07-02,63.57400131
2015-07-03,63.36999893
2015-07-06,63.40399933
2015-07-07,63.36500168
2015-07-08,63.51800156
2015-07-09,63.56200027
2015-07-10,63.36399841
2015-07-13,63.35200119
2015-07-14,63.51399994
2015-07-15,63.32400131
2015-07-16,63.52399826
2015-07-17,63.48199844
2015-07-20,63.48400116
2015-07-21,63.625
2015-07-22,63.58300018
2015-07-23,63.66400146
2015-07-24,63.84799957
2015-07-27,64.09999847
2015-07-28,64.21700287
2015-07-29,63.8390007
2015-07-30,63.88299942
2015-07-31,64.11799622
2015-08-03,63.97999954
2015-08-04,64.12400055
2015-08-05,63.81900024
2015-08-06,63.69599915
2015-08-07,63.73300171
2015-08-11,63.83800125
2015-08-12,64.3259964
2015-08-13,64.7990036
2015-08-14,65.26899719
2015-08-17,65.12200165
2015-08-18,65.44300079
2015-08-19,65.44599915
2015-08-20,65.05400085
2015-08-21,65.46099854
2015-08-24,66.02600098
2015-08-25,66.80699921
2015-08-26,66.28299713
2015-08-27,66.05599976
2015-08-28,66.05500031
2015-08-31,66.14299774
2015-09-01,66.34999847
2015-09-02,66.42299652
2015-09-03,66.22599792
2015-09-04,66.16000366
2015-09-07,66.6780014
2015-09-08,66.8030014
2015-09-09,66.40599823
2015-09-10,66.59700012
2015-09-11,66.31900024
2015-09-14,66.23400116
2015-09-15,66.31500244
2015-09-16,66.43000031
2015-09-17,66.19599915
2015-09-18,66.12200165
2015-09-21,65.86100006
2015-09-22,65.73899841
2015-09-23,65.875
2015-09-24,66.16200256
2015-09-25,66.22100067
2015-09-28,66.16300201
2015-09-29,66.26000214
2015-09-30,65.91999817
2015-10-01,65.52700043
2015-10-02,65.61799622
2015-10-05,65.35700226
2015-10-06,65.1230011
2015-10-07,65.18399811
2015-10-08,64.93900299
2015-10-09,64.99500275
2015-10-12,64.77200317
2015-10-13,64.78199768
2015-10-14,65.08499908
2015-10-15,64.84899902
2015-10-16,64.78399658
2015-10-19,64.69499969
2015-10-20,64.9509964
2015-10-21,64.9940033
2015-10-22,65.15899658
2015-10-23,65.05000305
2015-10-26,64.88500214
2015-10-27,64.90100098
2015-10-28,65.06700134
2015-10-29,64.94599915
2015-10-30,65.44400024
2015-11-02,65.41500092
2015-11-03,65.54100037
2015-11-04,65.53099823
2015-11-05,65.58499908
2015-11-06,65.86000061
2015-11-09,66.13300323
2015-11-10,66.46800232
2015-11-11,66.19300079
2015-11-12,66.06300354
2015-11-13,66.04799652
2015-11-16,66.0510025
2015-11-17,65.89700317
2015-11-18,66.03700256
2015-11-19,66.07499695
2015-11-20,66.08499908
2015-11-23,66.05000305
2015-11-24,66.3710022
2015-11-25,66.30000305
2015-11-26,66.38200378
2015-11-27,66.55799866
2015-11-30,66.90000153
2015-12-01,66.50800323
2015-12-02,66.46099854
2015-12-03,66.55699921
2015-12-04,66.8030014
2015-12-07,66.63600159
2015-12-08,66.76799774
2015-12-09,66.83300018
2015-12-10,66.88999939
2015-12-11,66.78600311
2015-12-14,67.14099884
2015-12-15,67.07099915
2015-12-16,66.90299988
2015-12-17,66.4280014
2015-12-18,66.45899963
2015-12-21,66.2480011
2015-12-22,66.26899719
2015-12-23,66.24299622
2015-12-24,66.15399933
2015-12-25,65.94000244
2015-12-29,66.13400269
2015-12-30,66.26000214
2015-12-31,66.45500183
2016-01-01,66.19300079
2016-01-05,66.60099792
2016-01-06,66.52400208
2016-01-07,66.72399902
2016-01-08,66.92099762
2016-01-11,66.83999634
2016-01-12,66.79299927
2016-01-13,66.91999817
2016-01-14,66.93599701
2016-01-15,67.30400085
2016-01-18,67.76699829
2016-01-19,67.71099854
2016-01-20,67.76699829
2016-01-21,67.9489975
2016-01-22,67.80799866
2016-01-25,67.54100037
2016-01-26,67.74099731
2016-01-27,67.76999664
2016-01-28,68.19599915
2016-01-29,68.09300232
2016-02-01,67.87000275
2016-02-02,67.88200378
2016-02-03,67.98600006
2016-02-04,67.92700195
2016-02-05,67.56400299
2016-02-08,67.80200195
2016-02-09,68.0759964
2016-02-10,67.9280014
2016-02-11,67.89299774
2016-02-12,68.47399902
2016-02-15,68.11100006
2016-02-16,68.13700104
2016-02-17,68.5059967
2016-02-18,68.35600281
2016-02-19,68.56600189
2016-02-22,68.53800201
2016-02-23,68.5739975
2016-02-24,68.60299683
2016-02-25,68.37599945
2016-02-26,68.79699707
2016-02-29,68.73000336
2016-03-01,68.21800232
2016-03-02,67.7460022
2016-03-03,67.38800049
2016-03-04,67.14299774
2016-03-07,66.93000031
2016-03-08,67.04599762
2016-03-09,67.35700226
2016-03-10,67.14499664
2016-03-11,67.30899811
2016-03-14,66.91300201
2016-03-15,67.1740036
2016-03-16,67.35900116
2016-03-17,66.83000183
2016-03-18,66.61199951
2016-03-21,66.37599945
2016-03-22,66.51999664
2016-03-23,66.76399994
2016-03-24,66.90200043
2016-03-25,66.90699768
2016-03-30,66.36799622
2016-04-01,66.2480011
2016-04-04,66.35800171
2016-04-05,66.13300323
2016-04-06,66.46800232
2016-04-07,66.53299713
2016-04-08,66.77899933
2016-04-11,66.54399872
2016-04-12,66.29000092
2016-04-13,66.31500244
2016-04-14,66.52500153
2016-04-15,66.63700104
2016-04-18,66.65299988
2016-04-19,66.40899658
2016-04-20,66.22200012
2016-04-21,66.20400238
2016-04-22,66.51200104
2016-04-25,66.65299988
2016-04-26,66.70500183
2016-04-27,66.45700073
2016-04-28,66.35500336
2016-04-29,66.43800354
2016-05-02,66.41799927
2016-05-03,66.3710022
2016-05-04,66.59200287
2016-05-05,66.62000275
2016-05-06,66.60199738
2016-05-09,66.59400177
2016-05-10,66.72100067
2016-05-11,66.66600037
2016-05-12,66.59100342
2016-05-13,66.75099945
2016-05-16,66.90000153
2016-05-17,66.875
2016-05-18,66.86799622
2016-05-19,67.16000366
2016-05-20,67.47699738
2016-05-23,67.42299652
2016-05-24,67.44799805
2016-05-25,67.65100098
2016-05-26,67.30400085
2016-05-27,66.95400238
2016-05-30,67.02400208
2016-05-31,67.13300323
2016-06-01,67.23100281
2016-06-02,67.4260025
2016-06-03,67.29199982
2016-06-06,66.99199677
2016-06-07,66.8010025
2016-06-08,66.76300049
2016-06-09,66.51000214
2016-06-10,66.74099731
2016-06-13,66.94499969
2016-06-14,67.15399933
2016-06-15,67.29799652
2016-06-16,67.07299805
2016-06-17,67.30699921
2016-06-20,67.06600189
2016-06-21,67.12999725
2016-06-22,67.60600281
2016-06-23,67.42199707
2016-06-24,67.24199677
2016-06-27,67.8769989
2016-06-28,67.92099762
2016-06-29,67.70500183
2016-06-30,67.41600037
2016-07-01,67.50099945
2016-07-04,67.18199921
2016-07-05,67.23699951
2016-07-06,67.4260025
2016-07-07,67.40100098
2016-07-08,67.49700165
2016-07-11,67.13200378
2016-07-12,67.14499664
2016-07-13,66.87000275
2016-07-14,67.0059967
2016-07-15,66.83799744
2016-07-18,67.13300323
2016-07-19,67.13899994
2016-07-20,67.20600128
2016-07-21,67.16400146
2016-07-22,67.15399933
2016-07-25,67.14600372
2016-07-26,67.40499878
2016-07-27,67.28399658
2016-07-28,67.06300354
2016-07-29,67.00700378
2016-08-01,66.64800262
2016-08-02,66.75099945
2016-08-03,66.6760025
2016-08-04,66.76000214
2016-08-05,66.84100342
2016-08-08,66.83499908
2016-08-09,66.79399872
2016-08-10,66.78299713
2016-08-11,66.75800323
2016-08-12,66.73999786
2016-08-15,66.89959717
2016-08-16,66.86489868
2016-08-17,66.85769653
2016-08-18,66.90550232
2016-08-19,66.81999969
2016-08-22,67.12750244
2016-08-23,67.18740082
2016-08-24,67.12999725
2016-08-25,67.16000366
2016-08-26,67.00559998
2016-08-29,67.1289978
2016-08-30,67.08999634
2016-08-31,67.12660217
2016-09-01,66.97470093
2016-09-02,66.79299927
2016-09-05,66.57279968
2016-09-06,66.45999908
2016-09-07,66.25520325
2016-09-08,66.47160339
2016-09-09,66.44999695
2016-09-12,66.77799988
2016-09-13,66.72299957
2016-09-14,66.99500275
2016-09-15,66.75810242
2016-09-16,66.85030365
2016-09-19,67.06529999
2016-09-20,66.9552002
2016-09-21,66.97499847
2016-09-22,66.76119995
2016-09-23,66.62259674
2016-09-26,66.69650269
2016-09-27,66.60649872
2016-09-28,66.44129944
2016-09-29,66.33280182
2016-09-30,66.81629944
2016-10-03,66.54650116
2016-10-04,66.38030243
2016-10-05,66.57800293
2016-10-06,66.5632019
2016-10-07,66.68710327
2016-10-10,66.59120178
2016-10-11,66.48509979
2016-10-12,66.79850006
2016-10-13,66.81809998
2016-10-14,66.78399658
2016-10-17,66.70529938
2016-10-18,66.78359985
2016-10-19,66.73799896
2016-10-20,66.63639832
2016-10-21,66.84130096
2016-10-24,66.91120148
2016-10-25,66.83399963
2016-10-26,66.78130341
2016-10-27,66.86399841
2016-10-28,66.90299988
2016-10-31,66.78140259
2016-11-01,66.66549683
2016-11-02,66.67849731
2016-11-03,66.77749634
2016-11-04,66.68450165
2016-11-07,66.78530121
2016-11-08,66.73500061
2016-11-09,66.22949982
2016-11-10,66.50749969
2016-11-11,67.21450043
2016-11-14,67.54679871
2016-11-15,67.77549744
2016-11-16,67.7480011
2016-11-17,67.98149872
2016-11-18,67.97480011
2016-11-21,68.16999817
2016-11-22,68.21549988
2016-11-23,68.38549805
2016-11-24,68.79850006
2016-11-25,68.74549866
2016-11-28,68.50849915
2016-11-29,68.55549622
2016-11-30,68.60800171
2016-12-01,68.58799744
2016-12-02,68.21649933
2016-12-05,68.0114975
2016-12-06,68.01249695
2016-12-07,67.72200012
2016-12-08,67.4315033
2016-12-09,67.40599823
2016-12-12,67.46050262
2016-12-13,67.41799927
2016-12-14,67.3864975
2016-12-15,67.81999969
2016-12-16,67.84500122
2016-12-19,67.83499908
2016-12-20,67.84020233
2016-12-21,67.89700317
2016-12-22,67.82550049
2016-12-23,67.83799744
2016-12-26,67.83080292
2016-12-27,67.77200317
2016-12-28,67.96800232
2016-12-29,68.20500183
2016-12-30,67.93299866
2017-01-02,67.94480133
2017-01-03,68.1339035
2017-01-04,68.26979828
2017-01-05,67.88549805
2017-01-06,67.73300171
2017-01-09,68.14260101
2017-01-10,68.09700012
2017-01-11,68.31800079
2017-01-12,68.13999939
2017-01-13,68.12950134
2017-01-16,68.15779877
2017-01-17,68.09459686
2017-01-18,67.89949799
2017-01-19,68.19799805
2017-01-20,68.09030151
2017-01-23,68.07720184
2017-01-24,68.05139923
2017-01-25,68.16449738
2017-01-26,67.97299957
2017-01-27,68.14900208
2017-01-30,68.11000061
2017-01-31,67.82099915
2017-02-01,67.50160217
2017-02-02,67.395401
2017-02-03,67.26560211
2017-02-06,67.15730286
2017-02-07,67.19529724
2017-02-08,67.34049988
2017-02-09,66.96430206
2017-02-10,66.74530029
2017-02-13,66.84369659
2017-02-14,66.91539764
2017-02-15,66.77590179
2017-02-16,66.8655014
2017-02-17,67.16480255
2017-02-20,67.06520081
2017-02-21,66.96499634
2017-02-22,66.96510315
2017-02-23,66.91429901
2017-02-24,66.68280029
2017-02-27,66.63500214
2017-02-28,66.69319916
2017-03-01,66.70510101
2017-03-02,66.85800171
2017-03-03,66.8451004
2017-03-06,66.77300262
2017-03-07,66.66470337
2017-03-08,66.61620331
2017-03-09,66.76499939
2017-03-10,66.68049622
2017-03-13,66.48500061
2017-03-14,66.17009735
2017-03-15,65.77510071
2017-03-16,65.62049866
2017-03-17,65.40450287
2017-03-20,65.4681015
2017-03-21,65.33529663
2017-03-22,65.49500275
2017-03-23,65.36499786
2017-03-24,65.44439697
2017-03-27,65.39309692
2017-03-28,65.04499817
2017-03-29,65.11000061
2017-03-30,64.77999878
2017-03-31,64.79000092
2017-04-03,64.79669952
2017-04-04,64.87750244
2017-04-05,65.05000305
2017-04-06,65.04000092
2017-04-07,64.58000183
2017-04-10,64.26000214
2017-04-11,64.57499695
2017-04-12,64.62999725
2017-04-13,64.5
2017-04-14,64.44999695
2017-04-17,64.4536972
2017-04-18,64.40830231
2017-04-19,64.56999969
2017-04-20,64.646698
2017-04-21,64.66000366
2017-04-24,64.63999939
2017-04-25,64.38999939
2017-04-26,64.34999847
2017-04-27,64.01999664
2017-04-28,64.05999756
2017-05-01,64.25830078
2017-05-02,64.18000031
2017-05-03,64.06999969
2017-05-04,64.20999908
2017-05-05,64.16999817
2017-05-08,64.30799866
2017-05-09,64.41179657
2017-05-10,64.63999939
2017-05-11,64.55000305
2017-05-12,64.36000061
2017-05-15,64.16549683
2017-05-16,64.03829956
2017-05-17,63.90000153
2017-05-18,64.23000336
2017-05-19,64.87110138
2017-05-22,64.44850159
2017-05-23,64.50019836
2017-05-24,64.8852005
2017-05-25,64.76010132
2017-05-26,64.54540253
2017-05-29,64.51319885
2017-05-30,64.50859833
2017-05-31,64.61859894
2017-06-01,64.50009918
2017-06-02,64.37229919
2017-06-05,64.40499878
2017-06-06,64.34400177
2017-06-07,64.42050171
2017-06-08,64.41829681
2017-06-09,64.24389648
2017-06-12,64.3769989
2017-06-13,64.46910095
2017-06-14,64.35749817
2017-06-15,64.165802
2017-06-16,64.55999756
2017-06-19,64.39499664
2017-06-20,64.48760223
2017-06-21,64.53050232
2017-06-22,64.54160309
2017-06-23,64.59100342
2017-06-26,64.4980011
2017-06-27,64.4213028
2017-06-28,64.52480316
2017-06-29,64.51190186
2017-06-30,64.78510284
2017-07-03,64.60679626
2017-07-04,64.84269714
2017-07-05,64.76889801
2017-07-06,64.79139709
2017-07-07,64.71330261
2017-07-10,64.61170197
2017-07-12,64.52559662
2017-07-13,64.36499786
2017-07-14,64.42579651
2017-07-17,64.26730347
2017-07-18,64.33000183
2017-07-19,64.3062973
2017-07-20,64.26329803
2017-07-21,64.32499695
2017-07-24,64.46109772
2017-07-25,64.36509705
2017-07-26,64.4469986
2017-07-27,64.34470367
2017-07-28,64.18499756
2017-07-31,64.12349701
2017-08-01,64.1894989
2017-08-02,64.05580139
2017-08-03,63.6405983
2017-08-04,63.6969986
2017-08-07,63.6651001
2017-08-08,63.83010101
2017-08-09,63.70289993
2017-08-10,63.88769913
2017-08-11,64.13860321
2017-08-14,64.08100128
2017-08-15,64.17430115
2017-08-16,64.26300049
2017-08-17,64.16049957
2017-08-18,64.18890381
2017-08-21,64.07589722
2017-08-22,64.15750122
2017-08-23,64.05750275
2017-08-24,64.00499725
2017-08-25,64.03500366
2017-08-28,63.99549866
2017-08-29,63.78929901
2017-08-30,63.98680115
2017-08-31,63.9762001
2017-09-01,63.91189957
2017-09-04,64.01550293
2017-09-05,64.02629852
2017-09-06,64.09999847
2017-09-07,64.01540375
2017-09-08,63.95009995
2017-09-11,63.93099976
2017-09-12,63.97999954
2017-09-13,63.98759842
2017-09-14,64.11509705
2017-09-15,64.15499878
2017-09-18,64.12020111
2017-09-19,64.21469879
2017-09-20,64.29869843
2017-09-21,64.28369904
2017-09-22,64.8022995
2017-09-25,64.89099884
2017-09-26,65.26509857
2017-09-27,65.34999847
2017-09-28,65.52500153
2017-09-29,65.36000061
2017-10-02,65.29329681
2017-10-03,65.57170105
2017-10-04,65.44309998
2017-10-05,65.01950073
2017-10-06,65.20999908
2017-10-09,65.41419983
2017-10-10,65.41459656
2017-10-11,65.23889923
2017-10-12,65.20539856
2017-10-13,65.04599762
2017-10-16,64.67299652
2017-10-17,64.69460297
2017-10-18,64.92870331
2017-10-19,65.0401001
2017-10-20,64.90460205
2017-10-23,65.10410309
2017-10-24,65.03489685
2017-10-25,65.07949829
2017-10-26,64.83999634
2017-10-27,64.59999847
2017-10-30,64.87339783
2017-10-31,64.8423996
2017-11-01,64.67009735
2017-11-02,64.55509949
2017-11-03,64.50050354
2017-11-06,64.69339752
2017-11-07,64.59089661
2017-11-08,65.16449738
2017-11-09,64.91049957
2017-11-10,64.96800232
2017-11-13,65.16030121
2017-11-14,65.43840027
2017-11-15,65.41339874
2017-11-17,65.20999908
2017-11-20,64.90499878
2017-11-21,65.02500153
2017-11-22,64.76129913
2017-11-23,64.76999664
2017-11-24,64.57939911
2017-11-27,64.54499817
2017-11-28,64.43389893
2017-11-29,64.47000122
2017-11-30,64.41480255
2017-12-01,64.49939728
2017-12-04,64.50900269
2017-12-05,64.35140228
2017-12-06,64.35690308
2017-12-07,64.51519775
2017-12-08,64.54239655
2017-12-11,64.47299957
2017-12-12,64.34999847
2017-12-13,64.55000305
2017-12-14,64.31999969
2017-12-15,64.27500153
2017-12-18,64.07230377
2017-12-19,64.20010376
2017-12-20,64.04759979
2017-12-21,63.96500015
2017-12-22,64.00969696
2017-12-25,64.00779724
2017-12-26,64.01049805
2017-12-27,64.02819824
2017-12-28,64.11499786
2017-12-29,64.06199646
2018-01-01,63.84080124
2018-01-02,63.86759949
2018-01-03,63.45999908
2018-01-04,63.41910172
2018-01-05,63.36959839
2018-01-08,63.26499939
2018-01-09,63.45199966
2018-01-10,63.63610077
2018-01-11,63.75999832
2018-01-12,63.67210007
2018-01-15,63.58850098
2018-01-16,63.52119827
2018-01-17,63.99430084
2018-01-18,63.82500076
2018-01-19,63.86759949
2018-01-22,63.83209991
2018-01-23,63.88010025
2018-01-24,63.75049973
2018-01-25,63.57789993
2018-01-26,63.57310104
2018-01-29,63.56999969
2018-01-30,63.66939926
2018-01-31,63.76990128
2018-02-01,63.66500092
2018-02-02,63.97499847
2018-02-05,64.13249969
2018-02-06,64.31469727
2018-02-07,63.97999954
2018-02-08,64.19999695
2018-02-09,64.44049835
2018-02-12,64.21130371
2018-02-13,64.28350067
2018-02-14,64.25009918
2018-02-15,64.02519989
2018-02-16,63.89089966
2018-02-19,64.37999725
2018-02-20,64.50499725
2018-02-21,64.86499786
2018-02-22,64.89499664
2018-02-23,64.95140076
2018-02-26,64.70300293
2018-02-27,64.78040314
2018-02-28,64.91000366
2018-03-01,65.23999786
2018-03-02,65.15000153
2018-03-05,65.18669891
2018-03-06,65.00370026
2018-03-07,64.88999939
2018-03-08,64.8911972
2018-03-09,65.0904007
2018-03-12,64.96489716
2018-03-13,64.94550323
2018-03-14,64.82810211
2018-03-15,64.83679962
2018-03-16,65.01439667
2018-03-19,65.06500244
2018-03-20,65.21009827
2018-03-21,65.23239899
2018-03-22,65.06559753
2018-03-23,65.16000366
2018-03-26,65.01499939
2018-03-27,64.69499969
2018-03-28,64.89550018
2018-03-29,65.14920044
2018-03-30,65.02999878
2018-04-02,65.10549927
2018-04-03,65.13999939
2018-04-04,64.90499878
2018-04-05,64.99500275
2018-04-06,64.8615036
2018-04-09,64.90450287
2018-04-10,64.87000275
2018-04-11,64.9253006
2018-04-12,65.19000244
2018-04-13,65.27570343
2018-04-16,65.19560242
2018-04-17,65.4292984
2018-04-18,65.67500305
2018-04-19,66.01000214
2018-04-20,66.1147995
2018-04-23,66.19689941
2018-04-24,66.54499817
2018-04-25,66.41410065
2018-04-26,66.90769958
2018-04-27,66.90000153
2018-04-30,66.61000061
2018-05-01,66.44999695
2018-05-02,66.78869629
2018-05-03,67.08000183
2018-05-04,66.66000366
2018-05-07,66.8105011
2018-05-08,67.1187973
2018-05-09,67.16249847
2018-05-10,67.62000275
2018-05-11,67.38999939
2018-05-14,67.38220215
2018-05-15,67.6780014
2018-05-16,68.45999908
2018-05-17,68.05999756
2018-05-18,68.13999939
2018-05-21,67.97499847
2018-05-22,68.40000153
2018-05-23,68.43000031
2018-05-24,68.65000153
2018-05-25,68.26010132
2018-05-28,67.72170258
2018-05-29,67.40280151
2018-05-30,68.12999725
2018-05-31,67.43000031
2018-06-01,67.43499756
2018-06-04,66.92500305
2018-06-05,67.05999756
2018-06-06,67.08999634
2018-06-07,66.83010101
2018-06-08,67.41000366
2018-06-11,67.51000214
2018-06-12,67.48999786
2018-06-13,67.91000366
2018-06-14,67.77999878
2018-06-15,68.12999725
2018-06-18,68.05000305
2018-06-19,68.01000214
2018-06-20,68.05000305
2018-06-21,68.34999847
2018-06-22,67.83000183
2018-06-25,67.85489655
2018-06-26,68.33999634
2018-06-27,68.36499786
2018-06-28,69.23999786
2018-06-29,68.79669952
2018-07-02,68.43499756
2018-07-03,68.69480133
2018-07-04,68.83000183
2018-07-05,68.98000336
2018-07-06,69.06999969
2018-07-09,68.75499725
2018-07-10,68.65979767
2018-07-11,68.90000153
2018-07-12,68.72000122
2018-07-13,68.54000092
2018-07-16,68.48670197
2018-07-17,68.72000122
2018-07-18,68.35600281
2018-07-19,68.6155014
2018-07-20,68.93509674
2018-07-23,68.73329926
2018-07-24,69.19999695
2018-07-25,68.80999756
2018-07-26,68.83999634
2018-07-27,68.73999786
2018-07-30,68.61499786
2018-07-31,68.68499756
2018-08-01,68.49680328
2018-08-02,68.30709839
2018-08-03,68.6155014
2018-08-06,68.50499725
2018-08-07,68.80999756
2018-08-08,68.59600067
2018-08-09,68.45500183
2018-08-10,69.09999847
2018-08-13,69.08499908
2018-08-14,69.94909668
2018-08-15,69.94999695
2018-08-16,70.66000366
2018-08-17,70.00499725
2018-08-20,69.78500366
2018-08-21,69.73999786
2018-08-22,69.80999756
2018-08-23,69.79000092
2018-08-24,70.27500153
2018-08-27,69.76499939
2018-08-28,69.94499969
2018-08-29,70.54000092
2018-08-30,70.91000366
2018-08-31,71.40499878
2018-09-03,70.99500275
2018-09-04,71.06999969
2018-09-05,71.75
2018-09-06,71.88999939
2018-09-07,71.93890381
2018-09-10,72.09500122
2018-09-11,72.44499969
2018-09-12,72.98999786
2018-09-13,71.92520142
2018-09-14,72.02749634
2018-09-17,72.09500122
2018-09-18,72.53479767
2018-09-19,73.12000275
2018-09-20,72.34500122
2018-09-21,71.72000122
2018-09-24,72.23000336
2018-09-25,73.30000305
2018-09-26,73.08999634
2018-09-27,72.76999664
2018-09-28,72.94999695
2018-10-01,72.50499725
2018-10-02,73.75499725
2018-10-03,73.27999878
2018-10-04,73.84999847
2018-10-05,74.22000122
2018-10-08,73.76300049
2018-10-09,73.88999939
2018-10-10,74.55000305
2018-10-11,74.59999847
2018-10-12,74.16000366
2018-10-15,73.6760025
2018-10-16,74.08000183
2018-10-17,73.45549774
2018-10-18,73.91999817
2018-10-19,74.16000366
2018-10-22,73.46499634
2018-10-23,73.85949707
2018-10-24,73.22129822
2018-10-25,73.22049713
2018-10-26,73.22019958
2018-10-29,73.125
2018-10-30,73.59059906
2018-10-31,73.65000153
2018-11-01,74.06999969
2018-11-02,73.30999756
2018-11-05,72.90499878
2018-11-06,72.86000061
2018-11-07,73.23000336
2018-11-08,72.37999725
2018-11-09,72.90000153
2018-11-12,72.47000122
2018-11-13,73.18000031
2018-11-14,72.55000305
2018-11-15,72.40000153
2018-11-16,71.89170074
2018-11-19,71.77500153
2018-11-20,71.69000244
2018-11-21,71.41500092
2018-11-22,71.29499817
2018-11-23,70.83499908
2018-11-26,70.66999817
2018-11-27,70.80999756
2018-11-28,70.87999725
2018-11-29,70.59999847
2018-11-30,69.91999817
2018-12-03,69.76000214
2018-12-04,70.48500061
2018-12-05,70.62999725
2018-12-06,70.87000275
2018-12-07,70.75
2018-12-10,71.36499786
2018-12-11,72.73000336
2018-12-12,72.62000275
2018-12-13,72.15000153
2018-12-14,71.54699707
2018-12-17,71.91000366
2018-12-18,71.58999634
2018-12-19,70.56999969
2018-12-20,70.6855011
2018-12-21,70.30000305
2018-12-24,70.13999939
2018-12-25,70.23999786
2018-12-27,70.15000153
2018-12-28,69.98999786
2018-12-31,69.92250061
2019-01-01,69.70999908
2019-01-03,69.95999908
2019-01-04,70.30000305
2019-01-07,69.52500153
2019-01-08,69.80999756
2019-01-09,70.33000183
2019-01-10,70.55049896
2019-01-11,70.72000122
2019-01-14,70.37000275
2019-01-15,71.08499908
2019-01-16,71.09249878
2019-01-17,71.36499786
2019-01-18,71.03019714
2019-01-21,71.23000336
2019-01-22,71.5
2019-01-23,71.23020172
2019-01-24,71.15730286
2019-01-25,70.98999786
2019-01-28,70.97499847
2019-01-29,71.09010315
2019-01-30,71.62000275
2019-01-31,71.12000275
2019-02-01,71.19999695
2019-02-04,71.4516983
2019-02-05,71.68499756
2019-02-06,71.76999664
2019-02-07,71.54049683
2019-02-08,71.58000183
2019-02-11,71.15000153
2019-02-12,71.23000336
2019-02-13,70.80999756
2019-02-14,70.86509705
2019-02-15,71.01000214
2019-02-18,71.31999969
2019-02-19,71.69999695
2019-02-20,71.59999847
2019-02-21,71.30000305
2019-02-22,71.18499756
2019-02-25,71.03099823
2019-02-26,71.08999634
2019-02-27,70.94000244
2019-02-28,71.19000244
2019-03-01,70.81600189
2019-03-04,70.98999786
2019-03-05,70.90000153
2019-03-06,70.74250031
2019-03-07,70.36499786
2019-03-08,70.48750305
2019-03-11,69.98690033
2019-03-12,69.7901001
2019-03-13,69.84500122
2019-03-14,69.7263031
2019-03-15,69.33730316
2019-03-18,68.95300293
2019-03-19,68.61799622
2019-03-20,69.31749725
2019-03-21,68.82499695
2019-03-22,68.93000031
2019-03-25,69.16049957
2019-03-26,68.92340088
2019-03-27,69.42749786
2019-03-28,69.37000275
2019-03-29,69.5
2019-04-01,69.43000031
2019-04-02,69.19529724
2019-04-03,68.91020203
2019-04-04,68.84999847
2019-04-05,68.97039795
2019-04-08,69.16000366
2019-04-09,69.55249786
2019-04-10,69.26180267
2019-04-11,69.14019775
2019-04-12,69.43000031
2019-04-15,69.16100311
2019-04-16,69.80999756
2019-04-17,69.88500214
2019-04-18,69.40100098
2019-04-19,69.3809967
2019-04-22,69.36000061
2019-04-23,70.0625
2019-04-24,69.75800323
2019-04-25,70.09580231
2019-04-26,70.16000366
2019-04-29,69.84200287
2019-04-30,69.8117981
2019-05-01,69.55599976
2019-05-02,69.63289642
2019-05-03,69.42440033
2019-05-06,69.16799927
2019-05-07,69.40029907
2019-05-08,69.91000366
2019-05-09,70.01000214
2019-05-10,70.41000366
2019-05-13,69.92250061
2019-05-14,70.61699677
2019-05-15,70.30699921
2019-05-16,70.209198
2019-05-17,70.23500061
2019-05-20,70.28150177
2019-05-21,70.12750244
2019-05-23,69.97250366
2019-05-24,69.94499969
2019-05-27,69.36000061
2019-05-28,69.72000122
2019-05-29,69.875
2019-05-30,69.81500244
2019-05-31,69.98000336
2019-06-03,69.56960297
2019-06-04,69.16190338
2019-06-05,69.55999756
2019-06-06,69.625
2019-06-07,69.36000061
2019-06-10,69.34500122
2019-06-11,69.52349854
2019-06-12,69.3864975
2019-06-13,69.69999695
2019-06-14,69.80000305
2019-06-17,69.77050018
2019-06-18,70.11250305
2019-06-19,69.76499939
2019-06-20,69.87000275
2019-06-21,69.77999878
2019-06-24,69.56990051
2019-06-25,69.60250092
2019-06-26,69.63749695
2019-06-27,69.60250092
2019-06-28,69.32499695
2019-07-01,68.94049835
2019-07-02,69.16750336
2019-07-03,69.08249664
2019-07-04,69.00749969
2019-07-05,68.73999786
2019-07-08,68.44000244
2019-07-09,68.84999847
2019-07-10,68.76499939
2019-07-11,68.36759949
2019-07-12,68.66999817
2019-07-15,68.5503006
2019-07-16,68.74749756
2019-07-17,68.89499664
2019-07-18,68.78600311
2019-07-19,68.84999847
2019-07-22,68.83000183
2019-07-23,69.16000366
2019-07-24,69.01999664
2019-07-25,69.18499756
2019-07-26,69.15049744
2019-07-29,68.87000275
2019-07-30,68.94999695
2019-07-31,69.07749939
2019-08-01,69.40499878
2019-08-02,69.29720306
2019-08-05,69.6568985
2019-08-06,71.51999664
2019-08-07,71.23000336
2019-08-08,71.1651001
2019-08-09,70.47090149
2019-08-12,71.03500366
2019-08-13,71.58000183
2019-08-14,71.08000183
2019-08-15,71.6352005
2019-08-16,71.72000122
2019-08-19,71.13200378
2019-08-20,71.99500275
2019-08-21,71.80999756
2019-08-22,71.43779755
2019-08-23,71.92040253
2019-08-26,71.50250244
2019-08-27,72.16000366
2019-08-28,71.53500366
2019-08-29,72.08499908
2019-08-30,71.68019867
2019-09-02,71.72989655
2019-09-03,71.96209717
2019-09-04,72.45999908
2019-09-05,71.95570374
2019-09-06,72.22000122
2019-09-09,71.66999817
2019-09-10,72.09249878
2019-09-11,71.85900116
2019-09-12,71.56009674
2019-09-13,71.28500366
2019-09-16,71.02069855
2019-09-17,71.74909973
2019-09-18,71.70999908
2019-09-19,71.54250336
2019-09-20,71.71749878
2019-09-23,71.19159698
2019-09-24,70.78959656
2019-09-25,71.28500366
2019-09-26,71.30999756
2019-09-27,71.21499634
2019-09-30,70.498703
2019-10-01,70.92250061
2019-10-02,71.09999847
2019-10-03,71.14160156
2019-10-04,71.01999664
2019-10-07,70.81500244
2019-10-08,71.36000061
2019-10-09,71.20999908
2019-10-10,71.41000366
2019-10-11,70.98000336
2019-10-14,70.91400146
2019-10-15,71.45249939
2019-10-16,71.76000214
2019-10-17,71.62000275
2019-10-18,71.42250061
2019-10-21,71.02999878
2019-10-22,71.10500336
2019-10-23,71.07499695
2019-10-24,70.71499634
2019-10-25,71.19000244
2019-10-28,70.83000183
2019-10-29,70.73500061
2019-10-30,70.88459778
2019-10-31,70.98999786
2019-11-01,70.97000122
2019-11-04,70.51210022
2019-11-05,71
2019-11-06,70.89499664
2019-11-07,71
2019-11-08,71.37650299
2019-11-12,71.5739975
2019-11-13,71.77999878
2019-11-14,72.14150238
2019-11-15,71.95580292
2019-11-18,71.70580292
2019-11-19,71.93509674
2019-11-20,71.85099792
2019-11-21,71.76820374
2019-11-22,71.7405014
2019-11-25,71.7826004
2019-11-26,71.67949677
2019-11-27,71.42839813
2019-11-28,71.22810364
2019-11-29,71.54740143
2019-12-02,71.72299957
2019-12-03,71.625
2019-12-04,71.95999908
2019-12-05,71.48010254
2019-12-06,71.38500214
2019-12-09,71.28679657
2019-12-10,70.96019745
2019-12-11,71.01000214
2019-12-12,70.72930145
2019-12-13,70.55989838
2019-12-16,70.68900299
2019-12-17,70.92050171
2019-12-18,71.21499634
2019-12-19,70.98989868
2019-12-20,71.22270203
2019-12-23,71.02400208
2019-12-24,71.21070099
2019-12-25,71.45999908
2019-12-26,71.54000092
2019-12-27,71.3003006
2019-12-30,71.31300354
2019-12-31,71.31099701
2020-01-01,71.27580261
2020-01-02,71.02500153
2020-01-03,71.41500092
2020-01-06,71.73100281
2020-01-07,71.78700256
2020-01-08,72.16000366
2020-01-09,71.41190338
2020-01-10,71.19429779
2020-01-13,70.95300293
2020-01-14,70.71890259
2020-01-15,70.8451004
2020-01-16,70.71800232
2020-01-17,70.94560242
2020-01-20,71.03469849
2020-01-21,71.03099823
2020-01-22,71.16999817
2020-01-23,71.07810211
2020-01-24,71.32099915
2020-01-27,71.32499695
2020-01-28,71.44000244
2020-01-29,71.23040009
2020-01-30,71.30000305
2020-01-31,71.63999939
2020-02-03,71.49649811
2020-02-04,71.31410217
2020-02-05,71.09999847
2020-02-06,71.18000031
2020-02-07,71.47000122
2020-02-10,71.51550293
2020-02-11,71.27999878
2020-02-12,71.27529907
2020-02-13,71.29620361
2020-02-14,71.26850128
2020-02-17,71.51480103
2020-02-18,71.34919739
2020-02-19,71.57499695
2020-02-20,71.82749939
2020-02-21,72.11000061
2020-02-24,71.88680267
2020-02-25,72.04669952
2020-02-26,71.87000275
2020-02-27,71.66339874
2020-02-28,71.93000031
2020-03-02,72.15000153
2020-03-03,72.82499695
2020-03-04,73.34200287
2020-03-05,74.04250336
2020-03-06,73.85510254
2020-03-09,73.99530029
2020-03-10,74.40599823
2020-03-11,74.20500183
2020-03-12,74.76000214
2020-03-13,75.30000305
2020-03-16,73.90399933
2020-03-17,75.15499878
2020-03-18,74.01239777
2020-03-19,74.98200226
2020-03-20,75.15969849
2020-03-23,75.62210083
2020-03-24,76.5059967
2020-03-25,77.26000214
2020-03-26,75.84549713
2020-03-27,74.7256012
2020-03-30,75.46499634
2020-03-31,75.40000153
2020-04-01,75.32499695
2020-04-02,77.56999969
2020-04-03,77.13999939
2020-04-06,76.23000336
2020-04-07,75.96489716
2020-04-08,76.66000366
2020-04-09,75.95899963
2020-04-10,76.65000153
2020-04-13,76.16649628
2020-04-14,76.91000366
2020-04-15,75.93099976
2020-04-16,77.21250153
2020-04-17,77.56999969
2020-04-20,76.55999756
2020-04-21,77.20999908
2020-04-22,76.9693985
2020-04-23,76.40000153
2020-04-24,76.42250061
2020-04-27,76.27149963
2020-04-28,76.18630219
2020-04-29,76.46499634
2020-04-30,75.25849915
2020-05-01,75.72000122
2020-05-04,75.60050201
2020-05-05,75.84999847
2020-05-06,76.16999817
2020-05-07,76.15129852
2020-05-08,76.08000183
2020-05-11,75.52500153
2020-05-12,76.30999756
2020-05-13,75.68000031
2020-05-14,75.42620087
2020-05-15,75.48500061
2020-05-18,75.81999969
2020-05-19,75.60009766
2020-05-20,76
2020-05-21,75.77999878
2020-05-22,75.625
2020-05-25,75.98500061
2020-05-26,76.11000061
2020-05-27,75.81999969
2020-05-28,76.12999725
2020-05-29,75.95999908
2020-06-01,75.51319885
2020-06-02,75.73000336
2020-06-03,75.06580353
2020-06-04,75.54499817
2020-06-05,75.49089813
2020-06-08,75.5177002
2020-06-09,75.625
2020-06-10,75.50980377
2020-06-11,75.875
2020-06-12,76.38999939
2020-06-15,75.95680237
2020-06-16,75.97799683
2020-06-17,76.65499878
2020-06-18,76.55000305
2020-06-19,76.40039825
2020-06-22,76.25209808
2020-06-23,75.78980255
2020-06-24,75.60780334
2020-06-25,75.97000122
2020-06-26,75.53980255
2020-06-29,75.61979675
2020-06-30,75.69999695
2020-07-01,75.75
2020-07-02,75.45490265
2020-07-03,74.72100067
2020-07-06,74.6792984
2020-07-07,74.60759735
2020-07-08,75.125
2020-07-09,74.93990326
2020-07-10,75.33999634
2020-07-13,75.15850067
2020-07-14,75.44999695
2020-07-15,75.57499695
2020-07-16,75.12490082
2020-07-17,75.17449951
2020-07-20,74.89730072
2020-07-21,74.98999786
2020-07-22,74.76999664
2020-07-23,74.81999969
2020-07-24,74.80729675
2020-07-27,74.75980377
2020-07-28,75
2020-07-29,75.08999634
2020-07-30,74.83119965
2020-07-31,74.98999786
2020-08-03,74.9178009
2020-08-04,75.33000183
2020-08-05,75.25
2020-08-06,74.88220215
2020-08-07,74.89980316
2020-08-10,75.02480316
2020-08-11,75.09999847
2020-08-12,74.90000153
2020-08-13,74.77210236
2020-08-14,75.02999878
2020-08-17,74.90280151
2020-08-18,75
2020-08-19,74.79499817
2020-08-20,74.96679688
2020-08-21,74.99990082
2020-08-24,74.92179871
2020-08-25,74.40000153
2020-08-26,74.45249939
2020-08-27,74.24009705
2020-08-28,73.77449799
2020-08-31,73.12830353
2020-09-01,73.66999817
2020-09-02,73.26999664
2020-09-03,73.24849701
2020-09-04,73.44789886
2020-09-07,73.29029846
2020-09-08,73.65000153
2020-09-09,73.78679657
2020-09-10,73.55000305
2020-09-11,73.52729797
2020-09-14,73.47859955
2020-09-15,73.61499786
2020-09-16,73.80000305
2020-09-17,73.55069733
2020-09-18,73.58360291
2020-09-21,73.53479767
2020-09-22,73.57980347
2020-09-23,73.50299835
2020-09-24,73.77839661
2020-09-25,73.68240356
2020-09-28,73.69930267
2020-09-29,73.97499847
2020-09-30,73.84500122
2020-10-01,73.70500183
2020-10-02,73.21700287
2020-10-05,73.32240295
2020-10-06,73.10829926
2020-10-07,73.81500244
2020-10-08,73.54250336
2020-10-09,73.28050232
2020-10-12,73.01480103
2020-10-13,73.35079956
2020-10-14,73.62000275
2020-10-15,73.29620361
2020-10-16,73.3710022
2020-10-19,73.44380188
2020-10-20,73.57499695
2020-10-21,73.64749908
2020-10-22,73.6812973
2020-10-23,73.72000122
2020-10-26,73.82289886
2020-10-27,73.94850159
2020-10-28,73.80500031
2020-10-29,74.44000244
2020-10-30,74.26399994
2020-11-02,74.55049896
2020-11-03,74.45680237
2020-11-04,74.6556015
2020-11-05,74.37999725
2020-11-06,74.12000275
2020-11-09,73.97979736
2020-11-10,73.95320129
2020-11-11,74.28160095
2020-11-12,74.56999969
2020-11-13,74.86499786
2020-11-16,74.48770142
2020-11-17,74.41809845
2020-11-18,74.47969818
2020-11-19,74.41999817
2020-11-20,74.09960175
2020-11-23,74.16239929
2020-11-24,74.24490356
2020-11-25,73.96080017
2020-11-26,73.7798996
2020-11-27,74.04879761
2020-11-30,73.94090271
2020-12-01,74.02519989
2020-12-02,73.65499878
2020-12-03,73.66259766
2020-12-04,73.86489868
2020-12-07,73.79029846
2020-12-08,74.01999664
2020-12-09,73.72640228
2020-12-10,73.93499756
2020-12-11,73.72669983
2020-12-14,73.73799896
2020-12-15,73.86000061
2020-12-16,73.75980377
2020-12-17,73.61660004
2020-12-18,73.52980042
2020-12-21,73.60359955
2020-12-22,73.93530273
2020-12-23,74.26999664
2020-12-24,73.83979797
2020-12-25,73.55780029
2020-12-28,73.68900299
2020-12-29,73.54489899
2020-12-30,73.45359802
2020-12-31,73.13400269
2021-01-01,73.08920288
2021-01-04,73.09200287
2021-01-05,73.31999969
2021-01-06,73.37480164
2021-01-07,73.36000061
2021-01-08,73.44599915
2021-01-11,73.37339783
2021-01-12,73.5134964
2021-01-13,73.16500092
2021-01-14,73.16989899
2021-01-15,73.08760071
2021-01-18,73.15899658
2021-01-19,73.18869781
2021-01-20,73.19190216
2021-01-21,72.9108963
2021-01-22,72.95490265
2021-01-25,72.99590302
2021-01-26,72.97000122
2021-01-27,72.91999817
2021-01-28,73.03710175
2021-01-29,72.938797
2021-02-01,72.90660095
2021-02-02,73.11979675
2021-02-03,72.91629791
2021-02-04,72.85800171
2021-02-05,72.9457016
2021-02-08,72.78479767
2021-02-09,72.92990112
2021-02-10,72.85489655
2021-02-11,72.80729675
2021-02-12,72.70950317
2021-02-15,72.59480286
2021-02-16,72.63870239
2021-02-17,72.93499756
2021-02-18,72.79730225
2021-02-19,72.60540009
2021-02-22,72.5530014
2021-02-23,72.44400024
2021-02-24,72.3769989
2021-02-25,72.40000153
2021-02-26,73.15090179
2021-03-01,73.59590149
2021-03-02,73.30940247
2021-03-03,73.27749634
2021-03-04,72.88069916
2021-03-05,73.13179779
2021-03-08,73.13339996
2021-03-09,73.33000183
2021-03-10,72.77590179
2021-03-11,72.70600128
2021-03-12,72.63899994
2021-03-15,72.68299866
2021-03-16,72.51529694
2021-03-17,72.51560211
2021-03-18,72.29560089
2021-03-19,72.66880035
2021-03-22,72.40499878
2021-03-23,72.38050079
2021-03-24,72.61219788
2021-03-25,72.64559937
2021-03-26,72.6128006
2021-03-29,72.44719696
2021-03-30,72.74189758
2021-03-31,73.44529724
2021-04-01,73.20349884
2021-04-02,73.28730011
2021-04-05,73.37599945
2021-04-06,73.27950287
2021-04-07,73.48999786
2021-04-08,74.40149689
2021-04-09,74.54450226
2021-04-12,74.72949982
2021-04-13,74.99099731
2021-04-14,75.1815033
2021-04-15,75.02610016
2021-04-16,74.72740173
2021-04-19,74.5632019
2021-04-20,74.87819672
2021-04-21,75.44920349
2021-04-22,75.42949677
2021-04-23,75.09169769
2021-04-26,74.86810303
2021-04-27,74.81490326
2021-04-28,74.57499695
2021-04-29,74.3117981
2021-04-30,74.10579681
2021-05-03,74.09480286
2021-05-04,73.83750153
2021-05-05,73.77890015
2021-05-06,73.79940033
2021-05-07,73.61519623
2021-05-10,73.29029846
2021-05-11,73.5
2021-05-12,73.37509918
2021-05-13,73.68160248
2021-05-14,73.44490051
2021-05-17,73.27890015
2021-05-18,73.2696991
2021-05-19,73.12819672
2021-05-20,73.22290039
2021-05-21,73.02189636
2021-05-24,72.90979767
2021-05-25,72.83660126
2021-05-26,72.80490112
2021-05-27,72.67250061
2021-05-28,72.68299866
2021-05-31,72.39350128
2021-06-01,72.48719788
2021-06-02,72.85500336
2021-06-03,72.96510315
2021-06-04,73.04419708
2021-06-07,72.90969849
2021-06-08,72.80940247
2021-06-09,72.97530365
2021-06-10,72.98529816
2021-06-11,73.01229858
2021-06-14,73.2315979
2021-06-15,73.18080139
2021-06-16,73.34470367
2021-06-17,73.82409668
2021-06-18,74.25389862
2021-06-21,74.14389801
2021-06-22,74.1352005
2021-06-23,74.3321991
2021-06-24,74.24690247
2021-06-25,74.19029999
2021-06-28,74.21299744
2021-06-29,74.28540039
2021-06-30,74.28759766
2021-07-01,74.3710022
2021-07-02,74.54499817
2021-07-05,74.48179626
2021-07-06,74.31780243
2021-07-07,74.76290131
2021-07-08,74.82189941
2021-07-09,74.7213974
2021-07-12,74.4905014
2021-07-13,74.54170227
2021-07-14,74.65910339
2021-07-15,74.46910095
2021-07-16,74.53700256
2021-07-19,74.63179779
2021-07-20,74.99340057
2021-07-21,74.52700043
2021-07-22,74.44020081
2021-07-23,74.45200348
2021-07-26,74.44889832
2021-07-27,74.28949738
2021-07-28,74.50229645
2021-07-29,74.38999939
2021-07-30,74.2519989
2021-08-02,74.37909698
2021-08-03,74.33200073
2021-08-04,74.21440125
2021-08-05,74.18399811
2021-08-06,74.08200073
2021-08-09,74.49140167
2021-08-10,74.46620178
2021-08-11,74.4355011
2021-08-12,74.10299683
2021-08-13,74.26010132
2021-08-16,74.21679688
2021-08-17,74.13500214
2021-08-18,74.36450195
2021-08-19,74.26979828
2021-08-20,74.4292984
2021-08-23,74.30149841
2021-08-24,74.10590363
2021-08-25,74.14479828
2021-08-26,74.09999847
2021-08-27,74.15599823
2021-08-30,73.49659729
2021-08-31,73.41120148
2021-09-01,72.99669647
2021-09-02,72.98509979
2021-09-03,73.0542984
2021-09-06,72.99449921
2021-09-07,73.11000061
2021-09-08,73.39040375
2021-09-09,73.78900146
2021-09-10,73.53800201
2021-09-13,73.52429962
2021-09-14,73.540802
2021-09-15,73.65080261
2021-09-16,73.43800354
2021-09-17,73.56490326
2021-09-20,73.69609833
2021-09-21,73.65899658
2021-09-22,73.79270172
2021-09-23,73.87490082
2021-09-24,73.83999634
2021-09-27,73.81289673
2021-09-28,73.82530212
2021-09-29,74.16329956
2021-09-30,74.3219986
2021-10-01,74.25440216
2021-10-04,74.15209961
2021-10-05,74.57279968
2021-10-06,74.5632019
2021-10-07,74.76000214
2021-10-08,74.83000183
2021-10-11,75.30580139
2021-10-12,75.40260315
2021-10-13,75.48390198
2021-10-14,75.3062973
2021-10-15,74.99500275
2021-10-18,75.00589752
2021-10-19,75.23549652
2021-10-20,75.12010193
2021-10-21,74.80919647
2021-10-22,74.86540222
2021-10-25,74.99369812
2021-10-26,75.08989716
2021-10-27,74.88890076
2021-10-28,75.05000305
2021-10-29,74.79720306
2021-11-01,74.92829895
2021-11-02,74.82990265
2021-11-03,74.71199799
2021-11-04,74.4355011
2021-11-05,74.47810364
2021-11-08,74.19110107
2021-11-09,73.91850281
2021-11-10,74.17479706
2021-11-11,74.4048996
2021-11-12,74.32209778
2021-11-15,74.33999634
2021-11-16,74.43509674
2021-11-17,74.45860291
2021-11-18,74.25980377
2021-11-19,74.17440033
2021-11-22,74.30259705
2021-11-23,74.42980194
2021-11-24,74.4469986
2021-11-25,74.625
2021-11-26,74.50579834
2021-11-29,74.9815979
2021-11-30,75.05490112
2021-12-01,75.05090332
2021-12-02,75.01789856
2021-12-03,74.98349762
2021-12-06,75.23400116
2021-12-07,75.39129639
2021-12-08,75.40859985
2021-12-09,75.38330078
2021-12-10,75.59919739
2021-12-13,75.70999908
2021-12-14,75.82689667
2021-12-15,76.04720306
2021-12-16,76.21140289
2021-12-17,76.16750336
2021-12-20,76.0059967
2021-12-21,75.75869751
2021-12-22,75.68640137
2021-12-23,75.45850372
2021-12-24,75.06739807
2021-12-27,75.31500244
2021-12-28,74.9803009
2021-12-29,74.74500275
2021-12-30,74.57029724
2021-12-31,74.43119812
2022-01-03,74.51380157
2022-01-04,74.40329742
2022-01-05,74.53489685
2022-01-06,74.43009949
2022-01-07,74.41929626
2022-01-10,74.26999664
2022-01-11,74.05699921
2022-01-12,73.81529999
2022-01-13,73.79910278
2022-01-14,73.97229767
2022-01-17,74.3789978
2022-01-18,74.25509644
2022-01-19,74.61969757
2022-01-20,74.44920349
2022-01-21,74.45220184
2022-01-24,74.41320038
2022-01-25,74.64479828
2022-01-26,74.77999878
2022-01-27,74.89499664
2022-01-28,75.20929718
2022-01-31,75.03900146
2022-02-01,74.55580139
2022-02-02,74.74549866
2022-02-03,74.82240295
2022-02-04,74.64389801
2022-02-07,74.64219666
2022-02-08,74.65830231
2022-02-09,74.69519806
2022-02-10,74.80889893
2022-02-11,75.53839874
2022-02-14,75.34100342
2022-02-15,75.68540192
2022-02-16,75.17479706
2022-02-17,75.04199982
2022-02-18,75.06300354
2022-02-21,74.68240356
2022-02-22,74.51699829
2022-02-23,74.6230011
2022-02-24,74.63300323
2022-02-25,75.40830231
2022-02-28,75.06800079
2022-03-01,75.28479767
2022-03-02,75.80120087
2022-03-03,75.6309967
2022-03-04,75.89170074
2022-03-07,76.41799927
2022-03-08,77.08080292
2022-03-09,76.91449738
2022-03-10,76.13490295
2022-03-11,76.31030273
2022-03-14,76.75370026
2022-03-15,76.49009705
2022-03-16,76.26589966
2022-03-17,76.02420044
2022-03-18,75.9815979
2022-03-21,75.9464035
2022-03-22,76.30709839
2022-03-23,76.10189819
2022-03-24,76.55239868
2022-03-25,76.32350159
2022-03-28,76.27850342
2022-03-29,76.03410339
2022-03-30,75.66670227
2022-03-31,75.82779694
2022-04-01,75.90920258
2022-04-04,75.99479675
2022-04-05,75.47799683
2022-04-06,75.45069885
2022-04-07,75.94509888
2022-04-08,75.91320038
2022-04-11,75.91729736
2022-04-12,75.83699799
2022-04-13,76.14980316
2022-04-14,76.12169647
2022-04-15,76.30879974
2022-04-18,76.33139801
2022-04-19,76.28019714
2022-04-20,76.44539642
2022-04-21,76.27619934
2022-04-22,76.28520203
2022-04-25,76.46350098
2022-04-26,76.52780151
2022-04-27,76.7940979
2022-04-28,76.47219849
2022-04-29,76.58899689
2022-05-02,76.52310181
2022-05-03,76.52410126
2022-05-04,76.46730042
2022-05-05,76.00160217
2022-05-06,76.54180145
2022-05-09,76.95749664
2022-05-10,77.3655014
2022-05-11,77.27140045
2022-05-12,77.41840363
2022-05-13,77.44380188
2022-05-16,77.48629761
2022-05-17,77.80539703
2022-05-18,77.37239838
2022-05-19,77.81999969
2022-05-20,77.4210968
2022-05-23,77.81839752
2022-05-24,77.52680206
2022-05-25,77.47879791
2022-05-26,77.49729919
2022-05-27,77.63020325
2022-05-30,77.69200134
2022-05-31,77.52089691
2022-06-01,77.59899902
2022-06-02,77.58409882
2022-06-03,77.36049652
2022-06-06,77.69419861
2022-06-07,77.82099915
2022-06-08,77.67060089
2022-06-09,77.72429657
2022-06-10,77.8187027
2022-06-13,78.17759705
2022-06-14,78.16059875
2022-06-15,77.98549652
2022-06-16,77.90019989
2022-06-17,77.97769928
2022-06-20,77.96140289
2022-06-21,77.93399811
2022-06-22,78.13490295
2022-06-23,78.19309998
2022-06-24,78.14240265
2022-06-27,78.25229645
2022-06-28,78.44110107
2022-06-29,79.07319641
2022-06-30,78.89830017
2022-07-01,78.96299744
2022-07-04,78.95069885
2022-07-05,78.9394989
2022-07-06,79.36840057
2022-07-07,79.04389954
2022-07-08,79.22160339
2022-07-11,79.33139801
2022-07-12,79.47779846
2022-07-13,79.47640228
2022-07-14,79.80750275
2022-07-15,79.87830353
2022-07-18,79.72049713
2022-07-19,80.03029633
2022-07-20,79.85590363
2022-07-21,80.00340271
2022-07-22,79.77590179
2022-07-25,79.87680054
2022-07-26,79.72250366
2022-07-27,79.84120178
2022-07-28,79.84739685
2022-07-29,79.57150269
2022-08-01,79.19480133
2022-08-02,78.95570374
2022-08-03,78.60449982
2022-08-04,79.11830139
2022-08-05,79.1548996
2022-08-08,79.41059875
2022-08-09,79.60189819
2022-08-10,79.57839966
2022-08-11,79.09780121
2022-08-12,79.61399841
2022-08-15,79.62760162
2022-08-16,79.55290222
2022-08-17,79.14600372
2022-08-18,79.35970306
2022-08-19,79.76670074
2022-08-22,79.91790009
2022-08-23,79.88379669
2022-08-24,79.85449982
2022-08-25,79.79679871
2022-08-26,79.88289642
2022-08-29,79.95909882
2022-08-30,79.96790314
2022-08-31,79.68229675
2022-09-01,79.54879761
2022-09-02,79.71679688
2022-09-05,79.72450256
2022-09-06,79.78299713
2022-09-07,79.89510345
2022-09-08,79.64980316
2022-09-09,79.70629883
2022-09-12,79.65579987
2022-09-13,79.3553009
2022-09-14,79.60240173
2022-09-15,79.4536972
2022-09-16,79.84909821
2022-09-19,79.6894989
2022-09-20,79.70749664
2022-09-21,79.76270294
2022-09-22,80.05069733
2022-09-23,81.06220245
2022-09-26,81.25479889
2022-09-27,81.61579895
2022-09-28,81.72460175
2022-09-29,81.42870331
2022-09-30,81.48059845
2022-10-03,81.52130127
2022-10-04,81.49500275
2022-10-05,81.46549988
2022-10-06,81.64880371
2022-10-07,82.34899902
2022-10-10,82.83229828
2022-10-11,82.42070007
2022-10-12,82.27390289
2022-10-13,82.19999695
2022-10-14,82.19210052
2022-10-17,82.41280365
2022-10-18,82.19470215
2022-10-19,82.28639984
2022-10-20,82.99700165
2022-10-21,82.82569885
2022-10-24,82.54129791
2022-10-25,82.7614975
2022-10-26,82.44529724
2022-10-27,82.04959869
2022-10-28,82.44249725
2022-10-31,82.23919678
2022-11-01,82.72899628
2022-11-02,82.68450165
2022-11-03,82.88839722
2022-11-04,82.68180084
2022-11-07,81.97499847
2022-11-08,81.8259964
2022-11-09,81.40519714
2022-11-10,81.34380341
2022-11-11,80.48290253
2022-11-14,80.49700165
2022-11-15,80.99199677
2022-11-16,81.0714035
2022-11-17,81.49530029
2022-11-18,81.52490234
2022-11-21,81.51989746
2022-11-22,81.72769928
2022-11-23,81.71499634
2022-11-24,81.63289642
2022-11-25,81.65540314
2022-11-28,81.66970062
2022-11-29,81.65029907
2022-11-30,81.63089752
2022-12-01,81.30529785
2022-12-02,81.16220093
2022-12-05,81.42250061
2022-12-06,81.89900208
2022-12-07,82.37220001
2022-12-08,82.25350189
2022-12-09,82.27919769
2022-12-12,82.41300201
2022-12-13,82.6446991
2022-12-14,82.40249634
2022-12-15,82.50800323
2022-12-16,82.85790253
2022-12-19,82.72599792
2022-12-20,82.58190155
2022-12-21,82.63690186
2022-12-22,82.87860107
2022-12-23,82.87490082
2022-12-26,82.60410309
2022-12-27,82.9029007
2022-12-28,82.77610016
2022-12-29,82.85199738
2022-12-30,82.83509827
2023-01-02,82.74980164
2023-01-03,82.70600128
2023-01-04,82.78569794
2023-01-05,82.66649628
2023-01-06,82.64520264
2023-01-09,82.27339935
2023-01-10,82.18009949
2023-01-11,81.63739777
2023-01-12,81.63179779
2023-01-13,81.11560059
2023-01-16,81.27799988
2023-01-17,81.65260315
2023-01-18,81.52549744
2023-01-19,81.43599701
2023-01-20,81.2397995
2023-01-23,80.97599792
2023-01-24,81.48799896
2023-01-25,81.60189819
2023-01-26,81.50270081
2023-01-27,81.44509888
2023-01-30,81.50800323
2023-01-31,81.57990265
2023-02-01,81.7684021
2023-02-02,81.71029663
2023-02-03,82.04589844
2023-02-06,82.22599792
2023-02-07,82.75499725
2023-02-08,82.74189758
2023-02-09,82.65950012
2023-02-10,82.53320313
2023-02-13,82.51300049
2023-02-14,82.59739685
2023-02-15,82.86759949
2023-02-16,82.73770142
2023-02-17,82.69529724
2023-02-20,82.75800323
2023-02-21,82.69750214
2023-02-22,82.86119843
2023-02-23,82.83529663
2023-02-24,82.61789703
2023-02-27,82.91799927
2023-02-28,82.65200043
2023-03-01,82.63539886
2023-03-02,82.41989899
2023-03-03,82.35569763
2023-03-06,81.71250153
2023-03-07,81.85440063
2023-03-08,82.07460022
2023-03-09,81.96450043
2023-03-10,82.0184021
2023-03-13,81.95800018
2023-03-14,82.41739655
2023-03-15,82.30490112
2023-03-16,82.71569824
2023-03-17,82.62280273
2023-03-20,82.53299713
2023-03-21,82.52909851
2023-03-22,82.67700195
2023-03-23,82.52580261
2023-03-24,82.26529694
2023-03-27,82.33879852
2023-03-28,82.21489716
2023-03-29,82.16429901
2023-03-30,82.25540161
2023-03-31,82.10050201
2023-04-03,82.18479919
2023-04-04,82.14089966
2023-04-05,82.1147995
2023-04-06,81.94999695
2023-04-07,81.83129883
2023-04-10,81.88480377
2023-04-11,81.98390198
2023-04-12,82.07009888
2023-04-13,81.96060181
2023-04-14,81.68070221
2023-04-17,81.84480286
2023-04-18,82.00370026
2023-04-19,82.10790253
2023-04-20,82.34010315
2023-04-21,82.14089966
2023-04-24,82.05480194
2023-04-25,81.85230255
2023-04-26,81.99160004
2023-04-27,81.76689911
2023-04-28,81.76509857
2023-05-01,81.74479675
2023-05-02,81.77469635
2023-05-03,81.77870178
2023-05-04,81.77999878
2023-05-05,81.7161026
2023-05-08,81.72979736
2023-05-09,81.78710175
2023-05-10,82.10500336
2023-05-11,81.91989899
2023-05-12,82.10030365
2023-05-15,82.20030212
2023-05-16,82.26670074
2023-05-17,82.29599762
2023-05-18,82.45030212
2023-05-19,82.72509766
2023-05-22,82.90480042
2023-05-23,82.82499695
2023-05-24,82.89060211
2023-05-25,82.71369934
2023-05-26,82.74210358
2023-05-29,82.57479858
2023-05-30,82.57969666
2023-05-31,82.68389893
2023-06-01,82.66680145
2023-06-02,82.27670288
2023-06-05,82.40979767
2023-06-06,82.51119995
2023-06-07,82.51719666
2023-06-08,82.61810303
2023-06-09,82.48829651
2023-06-12,82.44480133
2023-06-13,82.33719635
2023-06-14,82.29039764
2023-06-15,82.04499817
2023-06-16,81.91269684
2023-06-19,81.91480255
2023-06-20,81.98139954
2023-06-21,81.9917984
2023-06-22,81.9414978
2023-06-23,81.91929626
2023-06-26,81.98480225
2023-06-27,82.00650024
2023-06-28,81.99839783
2023-06-29,82.02649689
2023-06-30,82.07540131
2023-07-03,82.09629822
2023-07-04,81.95010376
2023-07-05,82.00710297
2023-07-06,82.39409637
2023-07-07,82.7684021
2023-07-10,82.61530304
2023-07-11,82.52529907
2023-07-12,82.39990234
2023-07-13,82.00180054
2023-07-14,82.03079987
2023-07-17,82.07679749
2023-07-18,82.06159973
2023-07-19,82.07540131
2023-07-20,82.06169891
2023-07-21,82.08239746
2023-07-24,81.99030304
2023-07-25,81.81420135
2023-07-26,81.95010376
2023-07-27,81.97550201
2023-07-28,82.37490082
2023-07-31,82.25279999
2023-08-01,82.23329926
2023-08-02,82.30729675
2023-08-03,82.73329926
2023-08-04,82.78430176
2023-08-07,82.69529724
2023-08-08,82.74829865
2023-08-09,82.84500122
2023-08-10,82.86630249
2023-08-11,82.79989624
2023-08-14,82.89730072
2023-08-15,83.23339844
2023-08-16,83.19419861
2023-08-17,83.23699951
2023-08-18,83.09829712
2023-08-21,83.16729736
2023-08-22,83.1135025
2023-08-23,83.07330322
2023-08-24,82.54470062
2023-08-25,82.6414032
2023-08-28,82.66429901
2023-08-29,82.6914978
2023-08-30,82.49469757
2023-08-31,82.70040131
2023-09-01,82.68240356
2023-09-04,82.6969986
2023-09-05,82.73459625
2023-09-06,83.08609772
2023-09-07,83.25740051
2023-09-08,83.24150085
2023-09-11,83.03130341
2023-09-12,82.94329834
2023-09-13,82.84300232
2023-09-14,82.9367981
2023-09-15,83.02829742
2023-09-18,83.08580017
2023-09-19,83.25489807
2023-09-20,83.19499969
2023-09-21,83.08699799
2023-09-22,82.89129639
2023-09-25,82.97480011
2023-09-26,83.02829742
2023-09-27,83.29869843
2023-09-28,83.22270203
2023-09-29,83.19300079
2023-10-02,83.03479767
2023-10-03,83.35939789
2023-10-04,83.22979736
2023-10-05,83.44979858
2023-10-06,83.22489929
2023-10-09,83.12460327
2023-10-10,83.27030182
2023-10-11,83.25029755
2023-10-12,83.21800232
2023-10-13,83.26239777
2023-10-16,83.28230286
2023-10-17,83.19950104
2023-10-18,83.26429749
2023-10-19,83.26860046
2023-10-20,83.12229919
2023-10-23,83.15979767
2023-10-24,83.02940369
2023-10-25,82.9878006
2023-10-26,83.17099762
2023-10-27,83.28250122
2023-10-30,83.41339874
2023-10-31,83.29650116
2023-11-01,83.27719879
2023-11-02,85.19400024
2023-11-03,83.24729919
2023-11-06,83.15850067
2023-11-07,83.22280121
2023-11-08,83.23269653
2023-11-09,83.21769714
2023-11-10,83.31939697
2023-11-13,83.29889679
2023-11-14,83.19760132
2023-11-15,82.9815979
2023-11-16,83.186203
2023-11-17,83.12030029
2023-11-20,83.29149628
2023-11-21,83.32219696
2023-11-22,83.34570313
2023-11-23,83.5483017
2023-11-24,83.34400177
2023-11-27,83.3144989
2023-11-28,83.36450195
2023-11-29,83.41809845
2023-11-30,83.33029938
2023-12-01,83.35269928
2023-12-04,83.21859741
2023-12-05,83.417099
2023-12-06,83.31590271
2023-12-07,83.28959656
2023-12-08,83.35489655
2023-12-11,83.43009949
2023-12-12,83.34349823
2023-12-13,83.39600372
2023-12-14,83.28530121
2023-12-15,83.29660034
2023-12-18,83.04170227
2023-12-19,83.11119843
2023-12-20,83.09159851
2023-12-21,83.26719666
2023-12-22,83.13159943
2023-12-25,83.16500092
2023-12-26,83.17230225
2023-12-27,83.18280029
2023-12-28,83.26719666
2023-12-29,82.30200195
2024-01-01,83.24859619
2024-01-02,83.20259857
2024-01-03,83.25700378
2024-01-04,83.31809998
2024-01-05,83.24060059
2024-01-08,83.19110107
2024-01-09,83.05069733
2024-01-10,83.13110352
2024-01-11,83.02559662
2024-01-12,83.07610321
2024-01-15,82.87210083
2024-01-16,82.85939789
2024-01-17,83.08899689
2024-01-18,83.17759705
2024-01-19,83.16059875
2024-01-22,83.12470245
2024-01-23,83.0951004
2024-01-24,83.2213974
2024-01-25,83.09760284
2024-01-26,83.14610291
2024-01-29,83.12129974
2024-01-30,83.15309906
2024-01-31,83.10970306
2024-02-01,83.0535965
2024-02-02,82.92759705
2024-02-05,82.9992981
2024-02-06,83.10369873
2024-02-07,83.07060242
2024-02-08,83.01260376
2024-02-09,82.98529816
2024-02-12,83.01450348
2024-02-13,82.99019623
2024-02-14,83.07460022
2024-02-15,83.04309845
2024-02-16,83.00959778
2024-02-19,83.01599884
2024-02-20,83.02100372
2024-02-21,82.82910156
2024-02-22,82.93840027
2024-02-23,82.87229919
2024-02-26,82.88179779
2024-02-27,82.85199738
2024-02-28,82.94819641
2024-02-29,82.91190338
2024-03-01,82.91040039
2024-03-04,82.84609985
2024-03-05,82.91049957
2024-03-06,82.88480377
2024-03-07,82.81909943
2024-03-08,82.75229645
2024-03-11,82.75209808
2024-03-12,82.77829742
2024-03-13,82.83509827
2024-03-14,82.83110046
2024-03-15,82.96559906
2024-03-18,82.88890076
2024-03-19,82.86360168
2024-03-20,83.04239655
2024-03-21,83.05460358
2024-03-22,83.22660065
2024-03-25,83.59359741
2024-03-26,83.41739655
2024-03-27,83.34549713
2024-03-28,83.36499786
2024-03-29,83.39299774
2024-04-01,83.3647995
2024-04-02,83.40969849
2024-04-03,83.35030365
2024-04-04,83.37329865
2024-04-05,83.47779846
2024-04-08,83.29679871
2024-04-09,83.26959991
2024-04-10,83.22429657
2024-04-11,83.41269684
2024-04-12,83.34929657
2024-04-15,83.61109924
2024-04-16,83.5059967
2024-04-17,83.66750336
2024-04-18,83.59580231
2024-04-19,83.54499817
2024-04-22,83.38529968
2024-04-23,83.38619995
2024-04-24,83.28330231
2024-04-25,83.34059906
2024-04-26,83.30180359
2024-04-29,83.40229797
2024-04-30,83.45110321
2024-05-01,83.49839783
2024-05-02,83.40640259
2024-05-03,83.40630341
2024-05-06,83.37999725
2024-05-07,83.47280121
2024-05-08,83.46990204
2024-05-09,83.46430206
2024-05-10,83.45939636
2024-05-13,83.52480316
2024-05-14,83.50550079
2024-05-15,83.52420044
2024-05-16,83.40509796
2024-05-17,83.4701004
2024-05-20,83.30039978
2024-05-21,83.31500244
2024-05-22,83.31680298
2024-05-23,83.26709747
2024-05-24,83.28639984
2024-05-27,83.05220032
2024-05-28,83.14569855
2024-05-29,83.20649719
2024-05-30,83.36560059
2024-05-31,83.32089996
2024-06-03,83.45079803
2024-06-04,83.09339905
2024-06-05,83.62940216
2024-06-06,83.38079834
2024-06-07,83.47309875
2024-06-10,83.52760315
2024-06-11,83.52980042
2024-06-12,83.59680176
2024-06-13,83.53430176
2024-06-14,83.52210236
2024-06-17,83.55180359
2024-06-18,83.51010132
2024-06-19,83.37409973
2024-06-20,83.41950226
2024-06-21,83.60160065
2024-06-24,83.5625
2024-06-25,83.46040344
2024-06-26,83.41459656
2024-06-27,83.58039856
2024-06-28,83.45089722
2024-07-01,83.36750031
2024-07-02,83.44129944
2024-07-03,83.47910309
2024-07-04,83.49120331
2024-07-05,83.49340057
2024-07-08,83.4720993
2024-07-09,83.45760345
2024-07-10,83.49299622
2024-07-11,83.49590302
2024-07-12,83.51850128
2024-07-15,83.52030182
2024-07-16,83.58760071
2024-07-17,83.52960205
2024-07-18,83.57209778
2024-07-19,83.67430115
2024-07-22,83.7303009
2024-07-23,83.6713028
2024-07-24,83.70680237
2024-07-25,83.74299622
2024-07-26,83.73760223
2024-07-29,83.72779846
2024-07-30,83.75050354
2024-07-31,83.73899841
2024-08-01,83.71779633
2024-08-02,83.74389648
2024-08-05,83.73529816
2024-08-06,84.00260162
2024-08-07,83.93489838
2024-08-08,83.94239807
2024-08-09,83.98899841
2024-08-12,83.94979858
2024-08-13,83.88999939
2024-08-14,83.88200378
2024-08-15,83.97149658
2024-08-16,83.94830322
2024-08-19,83.88980103
2024-08-20,83.87860107
2024-08-21,83.77940369
2024-08-22,83.88860321
2024-08-23,83.94059753
2024-08-26,83.813797
2024-08-27,83.88369751
2024-08-28,83.92160034
2024-08-29,83.9414978
2024-08-30,83.89510345
2024-09-02,83.86380005
2024-09-03,83.9272995
2024-09-04,83.95030212
2024-09-05,83.98249817
2024-09-06,83.9835968
2024-09-09,83.98259735
2024-09-10,83.98090363
2024-09-11,83.98200226
2024-09-12,83.99259949
2024-09-13,83.93479919
2024-09-16,83.88480377
2024-09-17,83.88400269
2024-09-18,83.77059937
2024-09-19,83.6917038
2024-09-20,83.61470032
2024-09-23,83.48709869
2024-09-24,83.55960083
2024-09-25,83.56759644
2024-09-26,83.62409973
2024-09-27,83.61710358
2024-09-30,83.71640015
2024-10-01,83.82730103
2024-10-02,83.87210083
2024-10-03,83.91960144
2024-10-04,84.00939941
2024-10-07,84.02780151
2024-10-08,83.9641037
2024-10-09,83.91459656
2024-10-10,83.94219971
2024-10-11,83.94599915
2024-10-14,84.16829681
2024-10-15,84.04850006
2024-10-16,84.05619812
2024-10-17,84.03929901
2024-10-18,84.05380249
2024-10-21,84.0687027
2024-10-22,84.07350159
2024-10-23,84.08399963
2024-10-24,84.06759644
2024-10-25,84.08180237
2024-10-28,84.10199738
2024-10-29,84.10279846
2024-10-30,84.08930206
2024-10-31,84.0891037
2024-11-01,84.09149933
2024-11-04,84.13359833
2024-11-05,84.15249634
2024-11-06,84.11630249
2024-11-07,84.25119781
2024-11-08,84.30639648
2024-11-11,84.38289642
2024-11-12,84.39649963
2024-11-13,84.39530182
2024-11-14,84.42299652
2024-11-15,84.47380066
2024-11-18,84.47750092
2024-11-19,84.39849854
2024-11-20,84.39759827
2024-11-21,84.38310242
2024-11-22,84.48829651
2024-11-25,84.43599701
2024-11-26,84.37750244
2024-11-27,84.3391037
2024-11-28,84.42030334
2024-11-29,84.47160339
2024-12-02,84.55699921
2024-12-03,84.73709869
2024-12-04,84.68309784
2024-12-05,84.70700073
2024-12-06,84.68379974
2024-12-09,84.66600037
2024-12-10,84.84729767
2024-12-11,84.87400055
2024-12-12,84.85710144
2024-12-13,84.83920288
2024-12-16,84.80200195
2024-12-17,84.91729736
2024-12-18,84.91539764
2024-12-19,85.16549683
2024-12-20,85.27940369
2024-12-23,84.94499969
2024-12-24,85.09889984
2024-12-25,85.1815033
2024-12-26,85.41339874
2024-12-27,85.2609024
2024-12-30,85.38600159
2024-12-31,85.78659821
2025-01-02,85.78569794
2025-01-03,85.80400085
2025-01-06,85.75900269
2025-01-07,85.68070221
2025-01-08,85.8065033
2025-01-09,85.90750122
2025-01-10,85.91999817
2025-01-13,86.18800354
2025-01-14,86.65059662
2025-01-15,86.53540039
2025-01-16,86.43099976
2025-01-17,86.60610199
2025-01-20,86.56900024
2025-01-21,86.21109772
2025-01-22,86.45189667
2025-01-23,86.47270203
2025-01-24,86.44020081
2025-01-27,86.20300293
2025-01-28,86.46839905
2025-01-29,86.58460236
2025-01-30,86.64060211
2025-01-31,86.64700317
2025-02-03,86.55400085
2025-02-04,86.94339752
2025-02-05,87.13009644
2025-02-06,87.33409882
2025-02-07,87.58830261
2025-02-10,87.51309967
2025-02-11,87.49009705
2025-02-12,86.811203
2025-02-13,86.87400055
2025-02-14,86.75409698
2025-02-17,86.43460083
2025-02-18,86.85479736
2025-02-19,86.8871994
2025-02-20,86.87280273
2025-02-21,86.45120239
2025-02-24,86.52940369
2025-02-25,86.69010162
2025-02-26,87.08119965
2025-02-27,87.16220093
2025-02-28,87.32700348
2025-03-03,87.46399689
2025-03-04,87.32959747
2025-03-05,87.21700287
2025-03-06,86.88929749
2025-03-07,87.12879944
2025-03-10,87.07379913
2025-03-11,87.35510254
2025-03-12,87.20010376
2025-03-13,87.34059906
2025-03-14,86.92209625
2025-03-17,86.93900299
2025-03-18,86.91639709
2025-03-19,86.57610321
2025-03-20,86.33709717
2025-03-21,86.33609772
2025-03-24,85.98699951
2025-03-25,85.53209686
2025-03-26,85.5904007
